Order_ID,Order_Date,Region_ID,Region,State,City,Product_ID,Category,Product,Quantity,Sales_Amount,Year,Quarter,Quarter_Start
ORD0244,2023-01-02,R01,North,Delhi,New Delhi,P012,Office Supplies,File Folder,3.0,196786.1675,2023,2023Q1,2023-01-01
ORD0843,2023-01-03,R01,North,Haryana,Gurugram,P006,Technology,Printer,7.0,81037.86,2023,2023Q1,2023-01-01
ORD0113,2023-01-05,R01,North,Delhi,New Delhi,P008,Furniture,Office Desk,1.0,16187.83,2023,2023Q1,2023-01-01
ORD0901,2023-01-05,R02,South,Karnataka,Bengaluru,P002,Technology,Smartphone,4.0,116844.19,2023,2023Q1,2023-01-01
ORD0048,2023-01-06,R04,West,Gujarat,Ahmedabad,P004,Technology,Monitor,7.0,115276.52,2023,2023Q1,2023-01-01
ORD0097,2023-01-06,R02,South,Kerala,Kochi,P012,Office Supplies,File Folder,6.0,1317.8,2023,2023Q1,2023-01-01
ORD0106,2023-01-06,R03,East,Jharkhand,Ranchi,P001,Technology,Laptop,1.0,53314.84,2023,2023Q1,2023-01-01
ORD0155,2023-01-06,R04,West,Rajasthan,Jaipur,P005,Technology,Keyboard,1.0,2454.32,2023,2023Q1,2023-01-01
ORD0349,2023-01-06,R01,North,Haryana,Gurugram,P001,Technology,Laptop,6.0,196786.1675,2023,2023Q1,2023-01-01
ORD0779,2023-01-06,R03,East,Bihar,Patna,P008,Furniture,Office Desk,4.0,54243.01,2023,2023Q1,2023-01-01
ORD0611,2023-01-08,R04,West,Gujarat,Ahmedabad,P002,Technology,Smartphone,2.0,61609.54,2023,2023Q1,2023-01-01
ORD0999,2023-01-09,R01,North,Uttar Pradesh,Lucknow,P004,Technology,Monitor,2.0,29477.44,2023,2023Q1,2023-01-01
ORD0466,2023-01-10,R03,East,Jharkhand,Ranchi,P012,Office Supplies,File Folder,7.0,1152.02,2023,2023Q1,2023-01-01
ORD0940,2023-01-14,R02,South,Karnataka,Bengaluru,P004,Technology,Monitor,7.0,115354.29,2023,2023Q1,2023-01-01
ORD0948,2023-01-15,R02,South,Kerala,Kochi,P009,Furniture,Bookshelf,2.0,14960.32,2023,2023Q1,2023-01-01
ORD0515,2023-01-21,R04,West,Gujarat,Ahmedabad,P006,Technology,Printer,1.0,12303.61,2023,2023Q1,2023-01-01
ORD0862,2023-01-23,R04,West,Maharashtra,Mumbai,P005,Technology,Keyboard,5.0,14396.94,2023,2023Q1,2023-01-01
ORD0703,2023-01-24,R01,North,Uttar Pradesh,Lucknow,P002,Technology,Smartphone,1.0,31190.74,2023,2023Q1,2023-01-01
ORD0476,2023-01-25,R03,East,Jharkhand,Ranchi,P001,Technology,Laptop,6.0,196786.1675,2023,2023Q1,2023-01-01
ORD0414,2023-01-26,R02,South,Karnataka,Bengaluru,P002,Technology,Smartphone,7.0,196786.1675,2023,2023Q1,2023-01-01
ORD0103,2023-01-27,R01,North,Punjab,Ludhiana,P012,Office Supplies,File Folder,5.0,957.5,2023,2023Q1,2023-01-01
ORD0283,2023-01-27,R03,East,West Bengal,Kolkata,P012,Office Supplies,File Folder,7.0,1149.45,2023,2023Q1,2023-01-01
ORD0054,2023-01-28,R01,North,Uttar Pradesh,Lucknow,P010,Office Supplies,Notebook,6.0,2276.04,2023,2023Q1,2023-01-01
ORD0500,2023-01-28,R02,South,Kerala,Kochi,P005,Technology,Keyboard,6.0,16737.86,2023,2023Q1,2023-01-01
ORD0676,2023-01-28,R03,East,Bihar,Patna,P007,Furniture,Office Chair,3.0,26212.54,2023,2023Q1,2023-01-01
ORD0309,2023-01-30,R01,North,Haryana,Gurugram,P009,Furniture,Bookshelf,2.0,13163.51,2023,2023Q1,2023-01-01
ORD0581,2023-01-30,R01,North,Uttar Pradesh,Lucknow,P001,Technology,Laptop,3.0,182522.77,2023,2023Q1,2023-01-01
ORD0936,2023-01-30,R01,North,Haryana,Gurugram,P003,Technology,Tablet,6.0,136305.02,2023,2023Q1,2023-01-01
ORD0187,2023-02-02,R02,South,Karnataka,Bengaluru,P006,Technology,Printer,3.0,41039.29,2023,2023Q1,2023-01-01
ORD0679,2023-02-02,R02,South,Telangana,Hyderabad,P002,Technology,Smartphone,7.0,196786.1675,2023,2023Q1,2023-01-01
ORD0234,2023-02-03,R02,South,Tamil Nadu,Chennai,P010,Office Supplies,Notebook,6.0,2184.1,2023,2023Q1,2023-01-01
ORD0822,2023-02-03,R01,North,Uttar Pradesh,Lucknow,P008,Furniture,Office Desk,5.0,73405.14,2023,2023Q1,2023-01-01
ORD0865,2023-02-03,R04,West,Maharashtra,Mumbai,P011,Office Supplies,Pen Set,1.0,290.04,2023,2023Q1,2023-01-01
ORD0806,2023-02-06,R02,South,Kerala,Kochi,P010,Office Supplies,Notebook,6.0,2432.48,2023,2023Q1,2023-01-01
ORD0787,2023-02-07,R04,West,Gujarat,Ahmedabad,P008,Furniture,Office Desk,6.0,99276.05,2023,2023Q1,2023-01-01
ORD0821,2023-02-07,R03,East,Odisha,Bhubaneswar,P001,Technology,Laptop,2.0,107725.48,2023,2023Q1,2023-01-01
ORD0634,2023-02-08,R03,East,Bihar,Patna,P001,Technology,Laptop,7.0,196786.1675,2023,2023Q1,2023-01-01
ORD0015,2023-02-10,R02,South,Kerala,Kochi,P007,Furniture,Office Chair,1.0,9159.45,2023,2023Q1,2023-01-01
ORD0239,2023-02-10,R02,South,Karnataka,Bengaluru,P002,Technology,Smartphone,7.0,196786.1675,2023,2023Q1,2023-01-01
ORD0863,2023-02-10,R02,South,Telangana,Hyderabad,P010,Office Supplies,Notebook,5.0,1969.34,2023,2023Q1,2023-01-01
ORD0524,2023-02-15,R03,East,Odisha,Bhubaneswar,P003,Technology,Tablet,7.0,135188.09,2023,2023Q1,2023-01-01
ORD0050,2023-02-19,R03,East,Bihar,Patna,P011,Office Supplies,Pen Set,2.0,435.72,2023,2023Q1,2023-01-01
ORD0534,2023-02-19,R04,West,Gujarat,Ahmedabad,P012,Office Supplies,File Folder,4.0,790.82,2023,2023Q1,2023-01-01
ORD0377,2023-02-20,R04,West,Gujarat,Ahmedabad,P007,Furniture,Office Chair,6.0,58386.26,2023,2023Q1,2023-01-01
ORD0223,2023-02-21,R01,North,Haryana,Gurugram,P009,Furniture,Bookshelf,3.0,23777.86,2023,2023Q1,2023-01-01
ORD0637,2023-02-21,R02,South,Telangana,Hyderabad,P005,Technology,Keyboard,7.0,18057.35,2023,2023Q1,2023-01-01
ORD0861,2023-02-21,R02,South,Telangana,Hyderabad,P003,Technology,Tablet,1.0,23719.86,2023,2023Q1,2023-01-01
ORD0182,2023-02-26,R01,North,Haryana,Gurugram,P001,Technology,Laptop,2.0,121251.65,2023,2023Q1,2023-01-01
ORD0207,2023-02-26,R04,West,Maharashtra,Mumbai,P001,Technology,Laptop,5.0,196786.1675,2023,2023Q1,2023-01-01
ORD0543,2023-02-26,R02,South,Kerala,Kochi,P007,Furniture,Office Chair,3.0,28411.67,2023,2023Q1,2023-01-01
ORD0996,2023-02-27,R01,North,Punjab,Ludhiana,P006,Technology,Printer,5.0,60660.02,2023,2023Q1,2023-01-01
ORD0776,2023-03-01,R04,West,Maharashtra,Mumbai,P003,Technology,Tablet,7.0,177527.4,2023,2023Q1,2023-01-01
ORD0128,2023-03-03,R02,South,Tamil Nadu,Chennai,P002,Technology,Smartphone,1.0,33425.35,2023,2023Q1,2023-01-01
ORD0473,2023-03-03,R04,West,Goa,Panaji,P006,Technology,Printer,2.0,28810.49,2023,2023Q1,2023-01-01
ORD0420,2023-03-04,R03,East,Jharkhand,Ranchi,P006,Technology,Printer,7.0,80013.2,2023,2023Q1,2023-01-01
ORD0707,2023-03-04,R04,West,Goa,Panaji,P009,Furniture,Bookshelf,4.0,28679.57,2023,2023Q1,2023-01-01
ORD0439,2023-03-05,R04,West,Goa,Panaji,P010,Office Supplies,Notebook,3.0,1164.95,2023,2023Q1,2023-01-01
ORD0612,2023-03-05,R02,South,Telangana,Hyderabad,P007,Furniture,Office Chair,1.0,9790.51,2023,2023Q1,2023-01-01
ORD0608,2023-03-06,R03,East,Odisha,Bhubaneswar,P010,Office Supplies,Notebook,6.0,1999.69,2023,2023Q1,2023-01-01
ORD0399,2023-03-07,R04,West,Goa,Panaji,P005,Technology,Keyboard,6.0,17008.26,2023,2023Q1,2023-01-01
ORD0297,2023-03-08,R01,North,Delhi,New Delhi,P010,Office Supplies,Notebook,3.0,1197.26,2023,2023Q1,2023-01-01
ORD0438,2023-03-09,R02,South,Tamil Nadu,Chennai,P006,Technology,Printer,5.0,64923.22,2023,2023Q1,2023-01-01
ORD0442,2023-03-09,R01,North,Haryana,Gurugram,P001,Technology,Laptop,7.0,196786.1675,2023,2023Q1,2023-01-01
ORD0316,2023-03-10,R01,North,Delhi,New Delhi,P005,Technology,Keyboard,3.0,8481.57,2023,2023Q1,2023-01-01
ORD0490,2023-03-15,R03,East,Jharkhand,Ranchi,P001,Technology,Laptop,6.0,196786.1675,2023,2023Q1,2023-01-01
ORD0663,2023-03-15,R03,East,West Bengal,Kolkata,P011,Office Supplies,Pen Set,7.0,1563.09,2023,2023Q1,2023-01-01
ORD0664,2023-03-15,R04,West,Gujarat,Ahmedabad,P009,Furniture,Bookshelf,4.0,33382.81,2023,2023Q1,2023-01-01
ORD0833,2023-03-15,R02,South,Kerala,Kochi,P003,Technology,Tablet,7.0,162707.61,2023,2023Q1,2023-01-01
ORD0006,2023-03-16,R04,West,Rajasthan,Jaipur,P005,Technology,Keyboard,7.0,20723.6,2023,2023Q1,2023-01-01
ORD0535,2023-03-16,R02,South,Tamil Nadu,Chennai,P010,Office Supplies,Notebook,6.0,2508.06,2023,2023Q1,2023-01-01
ORD0867,2023-03-19,R04,West,Maharashtra,Mumbai,P010,Office Supplies,Notebook,5.0,1826.26,2023,2023Q1,2023-01-01
ORD0880,2023-03-19,R03,East,Jharkhand,Ranchi,P003,Technology,Tablet,4.0,84615.92,2023,2023Q1,2023-01-01
ORD0410,2023-03-20,R02,South,Tamil Nadu,Chennai,P012,Office Supplies,File Folder,2.0,419.98,2023,2023Q1,2023-01-01
ORD0785,2023-03-20,R04,West,Rajasthan,Jaipur,P001,Technology,Laptop,6.0,196786.1675,2023,2023Q1,2023-01-01
ORD0157,2023-03-23,R04,West,Maharashtra,Mumbai,P005,Technology,Keyboard,6.0,14882.3,2023,2023Q1,2023-01-01
ORD0009,2023-03-25,R02,South,Telangana,Hyderabad,P005,Technology,Keyboard,4.0,10358.52,2023,2023Q1,2023-01-01
ORD0850,2023-03-25,R01,North,Punjab,Ludhiana,P002,Technology,Smartphone,5.0,148876.42,2023,2023Q1,2023-01-01
ORD0891,2023-03-25,R03,East,Bihar,Patna,P007,Furniture,Office Chair,7.0,53330.78,2023,2023Q1,2023-01-01
ORD0334,2023-03-26,R02,South,Tamil Nadu,Chennai,P012,Office Supplies,File Folder,7.0,1508.3,2023,2023Q1,2023-01-01
ORD0951,2023-03-26,R01,North,Haryana,Gurugram,P003,Technology,Tablet,3.0,63227.31,2023,2023Q1,2023-01-01
ORD0871,2023-03-30,R02,South,Karnataka,Bengaluru,P009,Furniture,Bookshelf,6.0,47302.15,2023,2023Q1,2023-01-01
ORD0802,2023-04-04,R04,West,Goa,Panaji,P006,Technology,Printer,1.0,11348.97,2023,2023Q2,2023-04-01
ORD0654,2023-04-05,R02,South,Karnataka,Bengaluru,P010,Office Supplies,Notebook,2.0,714.59,2023,2023Q2,2023-04-01
ORD0290,2023-04-06,R01,North,Delhi,New Delhi,P001,Technology,Laptop,4.0,196786.1675,2023,2023Q2,2023-04-01
ORD0770,2023-04-06,R02,South,Tamil Nadu,Chennai,P008,Furniture,Office Desk,5.0,70347.59,2023,2023Q2,2023-04-01
ORD0017,2023-04-10,R03,East,Bihar,Patna,P007,Furniture,Office Chair,4.0,28820.43,2023,2023Q2,2023-04-01
ORD0513,2023-04-11,R01,North,Uttar Pradesh,Lucknow,P005,Technology,Keyboard,7.0,14838.44,2023,2023Q2,2023-04-01
ORD0696,2023-04-12,R01,North,Uttar Pradesh,Lucknow,P002,Technology,Smartphone,5.0,128395.13,2023,2023Q2,2023-04-01
ORD0073,2023-04-13,R02,South,Telangana,Hyderabad,P002,Technology,Smartphone,6.0,154957.96,2023,2023Q2,2023-04-01
ORD0307,2023-04-15,R01,North,Uttar Pradesh,Lucknow,P011,Office Supplies,Pen Set,4.0,942.85,2023,2023Q2,2023-04-01
ORD0769,2023-04-16,R04,West,Rajasthan,Jaipur,P009,Furniture,Bookshelf,7.0,53530.58,2023,2023Q2,2023-04-01
ORD0830,2023-04-17,R03,East,Jharkhand,Ranchi,P002,Technology,Smartphone,1.0,22452.99,2023,2023Q2,2023-04-01
ORD0977,2023-04-17,R02,South,Kerala,Kochi,P009,Furniture,Bookshelf,6.0,46493.91,2023,2023Q2,2023-04-01
ORD0370,2023-04-19,R02,South,Karnataka,Bengaluru,P012,Office Supplies,File Folder,4.0,732.39,2023,2023Q2,2023-04-01
ORD0949,2023-04-21,R01,North,Uttar Pradesh,Lucknow,P002,Technology,Smartphone,4.0,109691.58,2023,2023Q2,2023-04-01
ORD0695,2023-04-22,R03,East,Bihar,Patna,P007,Furniture,Office Chair,2.0,13856.97,2023,2023Q2,2023-04-01
ORD0558,2023-04-23,R01,North,Delhi,New Delhi,P008,Furniture,Office Desk,3.0,42624.71,2023,2023Q2,2023-04-01
ORD0482,2023-04-25,R01,North,Punjab,Ludhiana,P001,Technology,Laptop,3.0,193328.66,2023,2023Q2,2023-04-01
ORD0615,2023-04-25,R03,East,Jharkhand,Ranchi,P002,Technology,Smartphone,2.0,47111.18,2023,2023Q2,2023-04-01
ORD0607,2023-04-27,R04,West,Goa,Panaji,P009,Furniture,Bookshelf,1.0,7318.31,2023,2023Q2,2023-04-01
ORD0956,2023-04-28,R04,West,Gujarat,Ahmedabad,P008,Furniture,Office Desk,4.0,52260.02,2023,2023Q2,2023-04-01
ORD0385,2023-04-30,R04,West,Rajasthan,Jaipur,P009,Furniture,Bookshelf,6.0,41673.32,2023,2023Q2,2023-04-01
ORD0528,2023-05-03,R02,South,Kerala,Kochi,P002,Technology,Smartphone,4.0,115306.55,2023,2023Q2,2023-04-01
ORD0989,2023-05-03,R04,West,Goa,Panaji,P009,Furniture,Bookshelf,1.0,7167.58,2023,2023Q2,2023-04-01
ORD0063,2023-05-05,R02,South,Telangana,Hyderabad,P006,Technology,Printer,5.0,68996.13,2023,2023Q2,2023-04-01
ORD0911,2023-05-05,R02,South,Kerala,Kochi,P001,Technology,Laptop,6.0,196786.1675,2023,2023Q2,2023-04-01
ORD0357,2023-05-06,R02,South,Tamil Nadu,Chennai,P005,Technology,Keyboard,1.0,2320.1,2023,2023Q2,2023-04-01
ORD0988,2023-05-06,R04,West,Goa,Panaji,P004,Technology,Monitor,3.0,52986.02,2023,2023Q2,2023-04-01
ORD0641,2023-05-07,R03,East,Bihar,Patna,P009,Furniture,Bookshelf,6.0,35250.57,2023,2023Q2,2023-04-01
ORD0046,2023-05-08,R04,West,Maharashtra,Mumbai,P011,Office Supplies,Pen Set,4.0,963.3,2023,2023Q2,2023-04-01
ORD0828,2023-05-08,R03,East,Odisha,Bhubaneswar,P001,Technology,Laptop,7.0,196786.1675,2023,2023Q2,2023-04-01
ORD0284,2023-05-10,R01,North,Punjab,Ludhiana,P009,Furniture,Bookshelf,7.0,44603.61,2023,2023Q2,2023-04-01
ORD0729,2023-05-10,R02,South,Tamil Nadu,Chennai,P009,Furniture,Bookshelf,4.0,26468.57,2023,2023Q2,2023-04-01
ORD0145,2023-05-12,R04,West,Gujarat,Ahmedabad,P008,Furniture,Office Desk,6.0,84276.07,2023,2023Q2,2023-04-01
ORD0419,2023-05-14,R04,West,Rajasthan,Jaipur,P002,Technology,Smartphone,6.0,184697.7,2023,2023Q2,2023-04-01
ORD0536,2023-05-14,R04,West,Maharashtra,Mumbai,P006,Technology,Printer,6.0,80288.42,2023,2023Q2,2023-04-01
ORD0813,2023-05-14,R04,West,Gujarat,Ahmedabad,P006,Technology,Printer,7.0,88823.37,2023,2023Q2,2023-04-01
ORD0201,2023-05-17,R03,East,Jharkhand,Ranchi,P004,Technology,Monitor,7.0,95577.68,2023,2023Q2,2023-04-01
ORD0497,2023-05-17,R03,East,Odisha,Bhubaneswar,P012,Office Supplies,File Folder,2.0,313.71,2023,2023Q2,2023-04-01
ORD0783,2023-05-17,R03,East,Bihar,Patna,P012,Office Supplies,File Folder,3.0,491.05,2023,2023Q2,2023-04-01
ORD0737,2023-05-18,R02,South,Kerala,Kochi,P006,Technology,Printer,3.0,40820.43,2023,2023Q2,2023-04-01
ORD0020,2023-05-19,R02,South,Karnataka,Bengaluru,P008,Furniture,Office Desk,4.0,62948.97,2023,2023Q2,2023-04-01
ORD0478,2023-05-19,R04,West,Rajasthan,Jaipur,P011,Office Supplies,Pen Set,1.0,233.32,2023,2023Q2,2023-04-01
ORD0028,2023-05-20,R01,North,Haryana,Gurugram,P011,Office Supplies,Pen Set,4.0,886.34,2023,2023Q2,2023-04-01
ORD0364,2023-05-20,R04,West,Rajasthan,Jaipur,P012,Office Supplies,File Folder,3.0,493.58,2023,2023Q2,2023-04-01
ORD0126,2023-05-21,R03,East,Bihar,Patna,P011,Office Supplies,Pen Set,7.0,1464.65,2023,2023Q2,2023-04-01
ORD0226,2023-05-21,R02,South,Karnataka,Bengaluru,P004,Technology,Monitor,1.0,16287.99,2023,2023Q2,2023-04-01
ORD0396,2023-05-21,R04,West,Maharashtra,Mumbai,P004,Technology,Monitor,3.0,45736.38,2023,2023Q2,2023-04-01
ORD0708,2023-05-22,R04,West,Rajasthan,Jaipur,P009,Furniture,Bookshelf,2.0,13900.21,2023,2023Q2,2023-04-01
ORD0774,2023-05-22,R04,West,Gujarat,Ahmedabad,P012,Office Supplies,File Folder,4.0,651.32,2023,2023Q2,2023-04-01
ORD0991,2023-05-22,R02,South,Kerala,Kochi,P002,Technology,Smartphone,5.0,136047.74,2023,2023Q2,2023-04-01
ORD0261,2023-05-24,R01,North,Haryana,Gurugram,P009,Furniture,Bookshelf,5.0,34349.57,2023,2023Q2,2023-04-01
ORD0736,2023-05-24,R04,West,Goa,Panaji,P003,Technology,Tablet,6.0,122905.78,2023,2023Q2,2023-04-01
ORD0206,2023-05-25,R01,North,Haryana,Gurugram,P008,Furniture,Office Desk,3.0,42698.0,2023,2023Q2,2023-04-01
ORD0503,2023-05-26,R01,North,Delhi,New Delhi,P009,Furniture,Bookshelf,1.0,6326.09,2023,2023Q2,2023-04-01
ORD0409,2023-05-28,R03,East,Bihar,Patna,P009,Furniture,Bookshelf,7.0,40190.85,2023,2023Q2,2023-04-01
ORD0605,2023-05-31,R01,North,Uttar Pradesh,Lucknow,P007,Furniture,Office Chair,1.0,9331.73,2023,2023Q2,2023-04-01
ORD0766,2023-06-02,R03,East,Jharkhand,Ranchi,P006,Technology,Printer,2.0,24619.91,2023,2023Q2,2023-04-01
ORD0181,2023-06-03,R02,South,Telangana,Hyderabad,P006,Technology,Printer,1.0,15278.32,2023,2023Q2,2023-04-01
ORD0968,2023-06-03,R03,East,Bihar,Patna,P006,Technology,Printer,3.0,31887.39,2023,2023Q2,2023-04-01
ORD0820,2023-06-05,R02,South,Karnataka,Bengaluru,P007,Furniture,Office Chair,3.0,27417.75,2023,2023Q2,2023-04-01
ORD0970,2023-06-07,R01,North,Delhi,New Delhi,P012,Office Supplies,File Folder,1.0,182.15,2023,2023Q2,2023-04-01
ORD0508,2023-06-08,R02,South,Tamil Nadu,Chennai,P008,Furniture,Office Desk,1.0,16162.6,2023,2023Q2,2023-04-01
ORD0955,2023-06-09,R02,South,Tamil Nadu,Chennai,P004,Technology,Monitor,5.0,95480.68,2023,2023Q2,2023-04-01
ORD0384,2023-06-13,R03,East,Jharkhand,Ranchi,P009,Furniture,Bookshelf,1.0,6336.84,2023,2023Q2,2023-04-01
ORD0210,2023-06-14,R04,West,Rajasthan,Jaipur,P012,Office Supplies,File Folder,3.0,590.9,2023,2023Q2,2023-04-01
ORD0759,2023-06-14,R02,South,Karnataka,Bengaluru,P003,Technology,Tablet,7.0,178774.88,2023,2023Q2,2023-04-01
ORD0045,2023-06-16,R02,South,Telangana,Hyderabad,P012,Office Supplies,File Folder,7.0,1475.67,2023,2023Q2,2023-04-01
ORD0252,2023-06-17,R03,East,Odisha,Bhubaneswar,P005,Technology,Keyboard,7.0,15280.88,2023,2023Q2,2023-04-01
ORD0463,2023-06-17,R02,South,Karnataka,Bengaluru,P010,Office Supplies,Notebook,2.0,846.44,2023,2023Q2,2023-04-01
ORD0154,2023-06-18,R04,West,Maharashtra,Mumbai,P012,Office Supplies,File Folder,3.0,619.02,2023,2023Q2,2023-04-01
ORD0067,2023-06-20,R04,West,Rajasthan,Jaipur,P002,Technology,Smartphone,2.0,56475.92,2023,2023Q2,2023-04-01
ORD0570,2023-06-20,R03,East,Bihar,Patna,P003,Technology,Tablet,7.0,144510.94,2023,2023Q2,2023-04-01
ORD0407,2023-06-21,R02,South,Karnataka,Bengaluru,P009,Furniture,Bookshelf,3.0,21749.67,2023,2023Q2,2023-04-01
ORD0978,2023-06-22,R03,East,Bihar,Patna,P010,Office Supplies,Notebook,4.0,1265.54,2023,2023Q2,2023-04-01
ORD0864,2023-06-24,R01,North,Delhi,New Delhi,P001,Technology,Laptop,7.0,196786.1675,2023,2023Q2,2023-04-01
ORD0421,2023-06-26,R04,West,Maharashtra,Mumbai,P010,Office Supplies,Notebook,6.0,2184.83,2023,2023Q2,2023-04-01
ORD0620,2023-06-26,R01,North,Haryana,Gurugram,P003,Technology,Tablet,3.0,74571.15,2023,2023Q2,2023-04-01
ORD0367,2023-06-27,R03,East,West Bengal,Kolkata,P009,Furniture,Bookshelf,4.0,23947.61,2023,2023Q2,2023-04-01
ORD0486,2023-06-27,R01,North,Punjab,Ludhiana,P006,Technology,Printer,3.0,35911.65,2023,2023Q2,2023-04-01
ORD0243,2023-06-30,R03,East,Jharkhand,Ranchi,P003,Technology,Tablet,2.0,35901.84,2023,2023Q2,2023-04-01
ORD0205,2023-07-01,R04,West,Gujarat,Ahmedabad,P007,Furniture,Office Chair,5.0,46660.92,2023,2023Q3,2023-07-01
ORD0673,2023-07-01,R02,South,Karnataka,Bengaluru,P007,Furniture,Office Chair,7.0,68183.41,2023,2023Q3,2023-07-01
ORD0808,2023-07-04,R03,East,Odisha,Bhubaneswar,P006,Technology,Printer,4.0,41610.02,2023,2023Q3,2023-07-01
ORD0086,2023-07-05,R01,North,Uttar Pradesh,Lucknow,P012,Office Supplies,File Folder,6.0,1135.32,2023,2023Q3,2023-07-01
ORD0440,2023-07-05,R01,North,Haryana,Gurugram,P012,Office Supplies,File Folder,7.0,1417.34,2023,2023Q3,2023-07-01
ORD0351,2023-07-08,R02,South,Telangana,Hyderabad,P001,Technology,Laptop,7.0,196786.1675,2023,2023Q3,2023-07-01
ORD0870,2023-07-09,R04,West,Gujarat,Ahmedabad,P011,Office Supplies,Pen Set,7.0,1935.63,2023,2023Q3,2023-07-01
ORD0981,2023-07-11,R01,North,Uttar Pradesh,Lucknow,P011,Office Supplies,Pen Set,3.0,843.83,2023,2023Q3,2023-07-01
ORD0762,2023-07-12,R04,West,Maharashtra,Mumbai,P012,Office Supplies,File Folder,4.0,809.76,2023,2023Q3,2023-07-01
ORD0083,2023-07-13,R03,East,West Bengal,Kolkata,P004,Technology,Monitor,6.0,81607.31,2023,2023Q3,2023-07-01
ORD0687,2023-07-13,R02,South,Karnataka,Bengaluru,P010,Office Supplies,Notebook,2.0,724.62,2023,2023Q3,2023-07-01
ORD0176,2023-07-14,R02,South,Karnataka,Bengaluru,P004,Technology,Monitor,2.0,38450.69,2023,2023Q3,2023-07-01
ORD0597,2023-07-14,R01,North,Haryana,Gurugram,P010,Office Supplies,Notebook,7.0,2273.77,2023,2023Q3,2023-07-01
ORD0298,2023-07-16,R01,North,Uttar Pradesh,Lucknow,P008,Furniture,Office Desk,4.0,58357.91,2023,2023Q3,2023-07-01
ORD0893,2023-07-17,R04,West,Maharashtra,Mumbai,P004,Technology,Monitor,6.0,96515.61,2023,2023Q3,2023-07-01
ORD0044,2023-07-18,R02,South,Telangana,Hyderabad,P012,Office Supplies,File Folder,2.0,360.31,2023,2023Q3,2023-07-01
ORD0059,2023-07-18,R04,West,Maharashtra,Mumbai,P008,Furniture,Office Desk,7.0,118056.29,2023,2023Q3,2023-07-01
ORD0327,2023-07-18,R04,West,Goa,Panaji,P012,Office Supplies,File Folder,5.0,1017.85,2023,2023Q3,2023-07-01
ORD0343,2023-07-23,R01,North,Haryana,Gurugram,P005,Technology,Keyboard,1.0,2826.45,2023,2023Q3,2023-07-01
ORD0032,2023-07-26,R01,North,Delhi,New Delhi,P006,Technology,Printer,3.0,35641.17,2023,2023Q3,2023-07-01
ORD0381,2023-07-27,R02,South,Karnataka,Bengaluru,P007,Furniture,Office Chair,7.0,73965.28,2023,2023Q3,2023-07-01
ORD0358,2023-08-01,R04,West,Rajasthan,Jaipur,P006,Technology,Printer,7.0,97778.07,2023,2023Q3,2023-07-01
ORD0573,2023-08-01,R01,North,Haryana,Gurugram,P004,Technology,Monitor,7.0,120614.66,2023,2023Q3,2023-07-01
ORD0723,2023-08-01,R01,North,Punjab,Ludhiana,P002,Technology,Smartphone,2.0,63739.11,2023,2023Q3,2023-07-01
ORD0462,2023-08-02,R01,North,Haryana,Gurugram,P008,Furniture,Office Desk,3.0,46195.54,2023,2023Q3,2023-07-01
ORD0947,2023-08-02,R02,South,Kerala,Kochi,P012,Office Supplies,File Folder,7.0,1286.39,2023,2023Q3,2023-07-01
ORD0480,2023-08-04,R03,East,West Bengal,Kolkata,P009,Furniture,Bookshelf,5.0,34955.32,2023,2023Q3,2023-07-01
ORD0489,2023-08-04,R04,West,Rajasthan,Jaipur,P012,Office Supplies,File Folder,7.0,1515.33,2023,2023Q3,2023-07-01
ORD0352,2023-08-05,R01,North,Punjab,Ludhiana,P004,Technology,Monitor,7.0,105185.67,2023,2023Q3,2023-07-01
ORD0496,2023-08-07,R04,West,Rajasthan,Jaipur,P005,Technology,Keyboard,6.0,15441.42,2023,2023Q3,2023-07-01
ORD0136,2023-08-08,R04,West,Goa,Panaji,P007,Furniture,Office Chair,6.0,65194.22,2023,2023Q3,2023-07-01
ORD0715,2023-08-08,R03,East,Jharkhand,Ranchi,P006,Technology,Printer,6.0,67549.78,2023,2023Q3,2023-07-01
ORD0839,2023-08-08,R01,North,Delhi,New Delhi,P004,Technology,Monitor,4.0,63869.29,2023,2023Q3,2023-07-01
ORD0294,2023-08-09,R02,South,Karnataka,Bengaluru,P010,Office Supplies,Notebook,4.0,1640.19,2023,2023Q3,2023-07-01
ORD0082,2023-08-10,R04,West,Gujarat,Ahmedabad,P008,Furniture,Office Desk,6.0,95576.01,2023,2023Q3,2023-07-01
ORD0347,2023-08-11,R04,West,Rajasthan,Jaipur,P001,Technology,Laptop,5.0,196786.1675,2023,2023Q3,2023-07-01
ORD0908,2023-08-11,R03,East,West Bengal,Kolkata,P003,Technology,Tablet,1.0,22024.16,2023,2023Q3,2023-07-01
ORD0937,2023-08-12,R01,North,Delhi,New Delhi,P009,Furniture,Bookshelf,2.0,15605.28,2023,2023Q3,2023-07-01
ORD0346,2023-08-13,R02,South,Karnataka,Bengaluru,P001,Technology,Laptop,4.0,196786.1675,2023,2023Q3,2023-07-01
ORD0763,2023-08-15,R04,West,Goa,Panaji,P003,Technology,Tablet,7.0,153257.2,2023,2023Q3,2023-07-01
ORD0249,2023-08-19,R04,West,Goa,Panaji,P003,Technology,Tablet,7.0,165714.21,2023,2023Q3,2023-07-01
ORD0285,2023-08-19,R02,South,Tamil Nadu,Chennai,P006,Technology,Printer,1.0,14408.6,2023,2023Q3,2023-07-01
ORD0576,2023-08-20,R04,West,Gujarat,Ahmedabad,P010,Office Supplies,Notebook,4.0,1522.48,2023,2023Q3,2023-07-01
ORD0716,2023-08-24,R02,South,Kerala,Kochi,P007,Furniture,Office Chair,3.0,27411.17,2023,2023Q3,2023-07-01
ORD0799,2023-08-26,R03,East,Odisha,Bhubaneswar,P009,Furniture,Bookshelf,5.0,31039.21,2023,2023Q3,2023-07-01
ORD0745,2023-08-27,R03,East,Bihar,Patna,P009,Furniture,Bookshelf,6.0,41297.33,2023,2023Q3,2023-07-01
ORD0872,2023-08-28,R03,East,West Bengal,Kolkata,P009,Furniture,Bookshelf,5.0,33520.71,2023,2023Q3,2023-07-01
ORD0694,2023-08-29,R04,West,Maharashtra,Mumbai,P001,Technology,Laptop,6.0,196786.1675,2023,2023Q3,2023-07-01
ORD0484,2023-08-31,R04,West,Rajasthan,Jaipur,P010,Office Supplies,Notebook,5.0,1743.74,2023,2023Q3,2023-07-01
ORD0427,2023-09-01,R02,South,Tamil Nadu,Chennai,P012,Office Supplies,File Folder,1.0,196.16,2023,2023Q3,2023-07-01
ORD0398,2023-09-03,R02,South,Tamil Nadu,Chennai,P003,Technology,Tablet,2.0,44177.0,2023,2023Q3,2023-07-01
ORD0379,2023-09-04,R03,East,West Bengal,Kolkata,P009,Furniture,Bookshelf,7.0,42334.63,2023,2023Q3,2023-07-01
ORD0468,2023-09-04,R02,South,Kerala,Kochi,P010,Office Supplies,Notebook,3.0,1151.26,2023,2023Q3,2023-07-01
ORD0400,2023-09-05,R01,North,Punjab,Ludhiana,P003,Technology,Tablet,6.0,129016.97,2023,2023Q3,2023-07-01
ORD0533,2023-09-05,R01,North,Punjab,Ludhiana,P001,Technology,Laptop,2.0,141412.98,2023,2023Q3,2023-07-01
ORD0547,2023-09-06,R02,South,Kerala,Kochi,P003,Technology,Tablet,6.0,149340.48,2023,2023Q3,2023-07-01
ORD0792,2023-09-11,R03,East,West Bengal,Kolkata,P009,Furniture,Bookshelf,1.0,5931.34,2023,2023Q3,2023-07-01
ORD0235,2023-09-13,R04,West,Gujarat,Ahmedabad,P002,Technology,Smartphone,7.0,195187.39,2023,2023Q3,2023-07-01
ORD0287,2023-09-15,R02,South,Karnataka,Bengaluru,P004,Technology,Monitor,6.0,113657.88,2023,2023Q3,2023-07-01
ORD0080,2023-09-16,R02,South,Tamil Nadu,Chennai,P009,Furniture,Bookshelf,3.0,25612.1,2023,2023Q3,2023-07-01
ORD0412,2023-09-18,R01,North,Haryana,Gurugram,P006,Technology,Printer,3.0,41123.85,2023,2023Q3,2023-07-01
ORD0824,2023-09-18,R03,East,Bihar,Patna,P006,Technology,Printer,4.0,50066.34,2023,2023Q3,2023-07-01
ORD0924,2023-09-18,R01,North,Uttar Pradesh,Lucknow,P007,Furniture,Office Chair,6.0,54704.84,2023,2023Q3,2023-07-01
ORD0024,2023-09-19,R02,South,Tamil Nadu,Chennai,P005,Technology,Keyboard,3.0,8568.96,2023,2023Q3,2023-07-01
ORD0697,2023-09-19,R01,North,Uttar Pradesh,Lucknow,P009,Furniture,Bookshelf,5.0,36364.63,2023,2023Q3,2023-07-01
ORD0810,2023-09-23,R04,West,Maharashtra,Mumbai,P004,Technology,Monitor,3.0,50329.26,2023,2023Q3,2023-07-01
ORD0214,2023-09-25,R04,West,Goa,Panaji,P011,Office Supplies,Pen Set,2.0,541.81,2023,2023Q3,2023-07-01
ORD0282,2023-09-25,R02,South,Kerala,Kochi,P007,Furniture,Office Chair,4.0,41617.85,2023,2023Q3,2023-07-01
ORD0124,2023-09-27,R03,East,Bihar,Patna,P004,Technology,Monitor,6.0,88198.14,2023,2023Q3,2023-07-01
ORD0127,2023-09-27,R02,South,Karnataka,Bengaluru,P010,Office Supplies,Notebook,3.0,1252.28,2023,2023Q3,2023-07-01
ORD0849,2023-09-28,R04,West,Rajasthan,Jaipur,P001,Technology,Laptop,6.0,196786.1675,2023,2023Q3,2023-07-01
ORD0417,2023-09-29,R04,West,Rajasthan,Jaipur,P011,Office Supplies,Pen Set,6.0,1539.14,2023,2023Q3,2023-07-01
ORD0116,2023-09-30,R03,East,Odisha,Bhubaneswar,P002,Technology,Smartphone,7.0,170454.5,2023,2023Q3,2023-07-01
ORD0383,2023-09-30,R01,North,Haryana,Gurugram,P004,Technology,Monitor,3.0,45434.92,2023,2023Q3,2023-07-01
ORD0982,2023-09-30,R01,North,Haryana,Gurugram,P007,Furniture,Office Chair,4.0,39742.15,2023,2023Q3,2023-07-01
ORD0280,2023-10-01,R01,North,Punjab,Ludhiana,P010,Office Supplies,Notebook,2.0,898.83,2023,2023Q4,2023-10-01
ORD0660,2023-10-01,R02,South,Kerala,Kochi,P003,Technology,Tablet,6.0,157569.72,2023,2023Q4,2023-10-01
ORD0771,2023-10-01,R01,North,Delhi,New Delhi,P002,Technology,Smartphone,5.0,176011.35,2023,2023Q4,2023-10-01
ORD0177,2023-10-02,R02,South,Tamil Nadu,Chennai,P007,Furniture,Office Chair,6.0,73258.47,2023,2023Q4,2023-10-01
ORD0681,2023-10-03,R02,South,Telangana,Hyderabad,P010,Office Supplies,Notebook,3.0,1315.33,2023,2023Q4,2023-10-01
ORD0640,2023-10-07,R01,North,Delhi,New Delhi,P004,Technology,Monitor,4.0,68076.7,2023,2023Q4,2023-10-01
ORD0705,2023-10-07,R02,South,Telangana,Hyderabad,P008,Furniture,Office Desk,4.0,80936.56,2023,2023Q4,2023-10-01
ORD0732,2023-10-07,R01,North,Delhi,New Delhi,P008,Furniture,Office Desk,5.0,87542.09,2023,2023Q4,2023-10-01
ORD0743,2023-10-07,R03,East,Jharkhand,Ranchi,P003,Technology,Tablet,4.0,95012.72,2023,2023Q4,2023-10-01
ORD0685,2023-10-09,R01,North,Delhi,New Delhi,P007,Furniture,Office Chair,5.0,54187.23,2023,2023Q4,2023-10-01
ORD0117,2023-10-10,R03,East,Bihar,Patna,P009,Furniture,Bookshelf,5.0,40098.57,2023,2023Q4,2023-10-01
ORD0753,2023-10-10,R01,North,Uttar Pradesh,Lucknow,P010,Office Supplies,Notebook,3.0,1349.45,2023,2023Q4,2023-10-01
ORD0303,2023-10-11,R02,South,Karnataka,Bengaluru,P006,Technology,Printer,6.0,102640.95,2023,2023Q4,2023-10-01
ORD0551,2023-10-14,R01,North,Haryana,Gurugram,P012,Office Supplies,File Folder,7.0,1390.65,2023,2023Q4,2023-10-01
ORD0899,2023-10-14,R04,West,Gujarat,Ahmedabad,P002,Technology,Smartphone,1.0,38931.34,2023,2023Q4,2023-10-01
ORD0910,2023-10-16,R04,West,Maharashtra,Mumbai,P003,Technology,Tablet,6.0,166823.39,2023,2023Q4,2023-10-01
ORD0203,2023-10-18,R02,South,Tamil Nadu,Chennai,P012,Office Supplies,File Folder,1.0,205.76,2023,2023Q4,2023-10-01
ORD0213,2023-10-18,R01,North,Haryana,Gurugram,P012,Office Supplies,File Folder,2.0,398.59,2023,2023Q4,2023-10-01
ORD0593,2023-10-18,R02,South,Karnataka,Bengaluru,P007,Furniture,Office Chair,4.0,44261.13,2023,2023Q4,2023-10-01
ORD0619,2023-10-18,R03,East,Odisha,Bhubaneswar,P007,Furniture,Office Chair,3.0,25460.23,2023,2023Q4,2023-10-01
ORD0158,2023-10-19,R03,East,Bihar,Patna,P010,Office Supplies,Notebook,7.0,2741.07,2023,2023Q4,2023-10-01
ORD0564,2023-10-19,R02,South,Karnataka,Bengaluru,P008,Furniture,Office Desk,7.0,130302.36,2023,2023Q4,2023-10-01
ORD0179,2023-10-20,R04,West,Rajasthan,Jaipur,P011,Office Supplies,Pen Set,6.0,1752.6,2023,2023Q4,2023-10-01
ORD0288,2023-10-21,R02,South,Tamil Nadu,Chennai,P011,Office Supplies,Pen Set,2.0,691.57,2023,2023Q4,2023-10-01
ORD0064,2023-10-22,R02,South,Kerala,Kochi,P003,Technology,Tablet,2.0,59229.09,2023,2023Q4,2023-10-01
ORD0292,2023-10-22,R01,North,Delhi,New Delhi,P011,Office Supplies,Pen Set,6.0,1792.17,2023,2023Q4,2023-10-01
ORD0671,2023-10-27,R04,West,Rajasthan,Jaipur,P011,Office Supplies,Pen Set,2.0,638.51,2023,2023Q4,2023-10-01
ORD0856,2023-10-27,R04,West,Gujarat,Ahmedabad,P005,Technology,Keyboard,5.0,15347.62,2023,2023Q4,2023-10-01
ORD0784,2023-10-28,R01,North,Punjab,Ludhiana,P001,Technology,Laptop,6.0,196786.1675,2023,2023Q4,2023-10-01
ORD0815,2023-10-28,R01,North,Uttar Pradesh,Lucknow,P004,Technology,Monitor,4.0,68274.57,2023,2023Q4,2023-10-01
ORD0782,2023-10-29,R01,North,Punjab,Ludhiana,P003,Technology,Tablet,4.0,95828.31,2023,2023Q4,2023-10-01
ORD0841,2023-10-29,R02,South,Tamil Nadu,Chennai,P005,Technology,Keyboard,5.0,16306.09,2023,2023Q4,2023-10-01
ORD0538,2023-10-31,R04,West,Maharashtra,Mumbai,P002,Technology,Smartphone,5.0,157799.49,2023,2023Q4,2023-10-01
ORD0256,2023-11-01,R04,West,Rajasthan,Jaipur,P009,Furniture,Bookshelf,7.0,61887.17,2023,2023Q4,2023-10-01
ORD0967,2023-11-01,R04,West,Rajasthan,Jaipur,P004,Technology,Monitor,4.0,76040.23,2023,2023Q4,2023-10-01
ORD0912,2023-11-02,R01,North,Punjab,Ludhiana,P010,Office Supplies,Notebook,3.0,1213.98,2023,2023Q4,2023-10-01
ORD0052,2023-11-03,R01,North,Delhi,New Delhi,P003,Technology,Tablet,1.0,27072.69,2023,2023Q4,2023-10-01
ORD0946,2023-11-03,R01,North,Haryana,Gurugram,P011,Office Supplies,Pen Set,7.0,1949.62,2023,2023Q4,2023-10-01
ORD0264,2023-11-04,R02,South,Telangana,Hyderabad,P002,Technology,Smartphone,2.0,74271.63,2023,2023Q4,2023-10-01
ORD0889,2023-11-04,R02,South,Tamil Nadu,Chennai,P007,Furniture,Office Chair,3.0,36744.07,2023,2023Q4,2023-10-01
ORD0778,2023-11-05,R01,North,Delhi,New Delhi,P012,Office Supplies,File Folder,3.0,605.64,2023,2023Q4,2023-10-01
ORD0072,2023-11-06,R03,East,Jharkhand,Ranchi,P005,Technology,Keyboard,1.0,2541.43,2023,2023Q4,2023-10-01
ORD0240,2023-11-06,R04,West,Gujarat,Ahmedabad,P007,Furniture,Office Chair,4.0,45451.72,2023,2023Q4,2023-10-01
ORD0894,2023-11-06,R02,South,Telangana,Hyderabad,P006,Technology,Printer,3.0,46732.76,2023,2023Q4,2023-10-01
ORD0693,2023-11-08,R04,West,Goa,Panaji,P012,Office Supplies,File Folder,2.0,481.05,2023,2023Q4,2023-10-01
ORD0959,2023-11-09,R02,South,Kerala,Kochi,P006,Technology,Printer,3.0,47284.17,2023,2023Q4,2023-10-01
ORD0957,2023-11-10,R03,East,Odisha,Bhubaneswar,P007,Furniture,Office Chair,2.0,18110.69,2023,2023Q4,2023-10-01
ORD0279,2023-11-14,R03,East,Jharkhand,Ranchi,P012,Office Supplies,File Folder,7.0,1193.67,2023,2023Q4,2023-10-01
ORD0318,2023-11-14,R02,South,Kerala,Kochi,P006,Technology,Printer,7.0,108890.06,2023,2023Q4,2023-10-01
ORD0424,2023-11-14,R02,South,Telangana,Hyderabad,P009,Furniture,Bookshelf,5.0,44942.66,2023,2023Q4,2023-10-01
ORD0275,2023-11-15,R01,North,Punjab,Ludhiana,P010,Office Supplies,Notebook,7.0,2692.49,2023,2023Q4,2023-10-01
ORD0441,2023-11-15,R02,South,Telangana,Hyderabad,P003,Technology,Tablet,2.0,51196.09,2023,2023Q4,2023-10-01
ORD0591,2023-11-15,R04,West,Goa,Panaji,P001,Technology,Laptop,4.0,196786.1675,2023,2023Q4,2023-10-01
ORD0798,2023-11-15,R01,North,Punjab,Ludhiana,P004,Technology,Monitor,2.0,34004.17,2023,2023Q4,2023-10-01
ORD0430,2023-11-19,R02,South,Tamil Nadu,Chennai,P008,Furniture,Office Desk,5.0,99279.79,2023,2023Q4,2023-10-01
ORD0873,2023-11-19,R01,North,Punjab,Ludhiana,P006,Technology,Printer,5.0,66021.22,2023,2023Q4,2023-10-01
ORD0550,2023-11-20,R01,North,Punjab,Ludhiana,P007,Furniture,Office Chair,2.0,22081.94,2023,2023Q4,2023-10-01
ORD0198,2023-11-21,R04,West,Maharashtra,Mumbai,P008,Furniture,Office Desk,2.0,35696.93,2023,2023Q4,2023-10-01
ORD0812,2023-11-21,R01,North,Uttar Pradesh,Lucknow,P007,Furniture,Office Chair,3.0,34091.28,2023,2023Q4,2023-10-01
ORD0526,2023-11-22,R04,West,Gujarat,Ahmedabad,P002,Technology,Smartphone,6.0,196786.1675,2023,2023Q4,2023-10-01
ORD0793,2023-11-22,R01,North,Uttar Pradesh,Lucknow,P008,Furniture,Office Desk,7.0,124754.9,2023,2023Q4,2023-10-01
ORD0816,2023-11-23,R01,North,Delhi,New Delhi,P009,Furniture,Bookshelf,1.0,8251.71,2023,2023Q4,2023-10-01
ORD0920,2023-11-23,R02,South,Telangana,Hyderabad,P007,Furniture,Office Chair,2.0,20760.17,2023,2023Q4,2023-10-01
ORD0401,2023-11-25,R04,West,Goa,Panaji,P002,Technology,Smartphone,5.0,187648.56,2023,2023Q4,2023-10-01
ORD0727,2023-11-25,R02,South,Kerala,Kochi,P008,Furniture,Office Desk,7.0,117184.83,2023,2023Q4,2023-10-01
ORD0375,2023-11-27,R04,West,Goa,Panaji,P008,Furniture,Office Desk,3.0,56499.09,2023,2023Q4,2023-10-01
ORD0668,2023-11-27,R03,East,Odisha,Bhubaneswar,P006,Technology,Printer,5.0,64584.04,2023,2023Q4,2023-10-01
ORD0760,2023-11-27,R03,East,Jharkhand,Ranchi,P001,Technology,Laptop,2.0,139907.66,2023,2023Q4,2023-10-01
ORD0253,2023-11-28,R03,East,Bihar,Patna,P006,Technology,Printer,5.0,66753.16,2023,2023Q4,2023-10-01
ORD0653,2023-11-28,R03,East,West Bengal,Kolkata,P005,Technology,Keyboard,7.0,19565.79,2023,2023Q4,2023-10-01
ORD0599,2023-12-02,R02,South,Kerala,Kochi,P001,Technology,Laptop,5.0,196786.1675,2023,2023Q4,2023-10-01
ORD0726,2023-12-03,R02,South,Karnataka,Bengaluru,P012,Office Supplies,File Folder,2.0,509.75,2023,2023Q4,2023-10-01
ORD0289,2023-12-04,R01,North,Haryana,Gurugram,P002,Technology,Smartphone,4.0,120189.87,2023,2023Q4,2023-10-01
ORD0444,2023-12-04,R03,East,Odisha,Bhubaneswar,P011,Office Supplies,Pen Set,5.0,1312.98,2023,2023Q4,2023-10-01
ORD0422,2023-12-05,R01,North,Uttar Pradesh,Lucknow,P003,Technology,Tablet,4.0,104376.08,2023,2023Q4,2023-10-01
ORD0669,2023-12-05,R02,South,Karnataka,Bengaluru,P006,Technology,Printer,5.0,79870.23,2023,2023Q4,2023-10-01
ORD0042,2023-12-06,R03,East,Bihar,Patna,P005,Technology,Keyboard,6.0,16733.08,2023,2023Q4,2023-10-01
ORD0348,2023-12-07,R04,West,Gujarat,Ahmedabad,P001,Technology,Laptop,7.0,196786.1675,2023,2023Q4,2023-10-01
ORD0900,2023-12-07,R04,West,Rajasthan,Jaipur,P011,Office Supplies,Pen Set,7.0,2165.74,2023,2023Q4,2023-10-01
ORD0228,2023-12-09,R02,South,Tamil Nadu,Chennai,P004,Technology,Monitor,6.0,132718.91,2023,2023Q4,2023-10-01
ORD0094,2023-12-10,R02,South,Kerala,Kochi,P004,Technology,Monitor,2.0,37748.1,2023,2023Q4,2023-10-01
ORD0721,2023-12-11,R01,North,Delhi,New Delhi,P002,Technology,Smartphone,4.0,127749.56,2023,2023Q4,2023-10-01
ORD0039,2023-12-12,R01,North,Haryana,Gurugram,P007,Furniture,Office Chair,1.0,11062.6,2023,2023Q4,2023-10-01
ORD0768,2023-12-14,R03,East,West Bengal,Kolkata,P006,Technology,Printer,1.0,14387.57,2023,2023Q4,2023-10-01
ORD0066,2023-12-16,R01,North,Delhi,New Delhi,P010,Office Supplies,Notebook,3.0,1147.47,2023,2023Q4,2023-10-01
ORD0987,2023-12-19,R01,North,Delhi,New Delhi,P011,Office Supplies,Pen Set,2.0,539.61,2023,2023Q4,2023-10-01
ORD0740,2023-12-23,R01,North,Punjab,Ludhiana,P001,Technology,Laptop,2.0,167904.36,2023,2023Q4,2023-10-01
ORD0639,2023-12-24,R03,East,Jharkhand,Ranchi,P012,Office Supplies,File Folder,2.0,392.13,2023,2023Q4,2023-10-01
ORD0010,2023-12-28,R01,North,Punjab,Ludhiana,P006,Technology,Printer,2.0,30713.8,2023,2023Q4,2023-10-01
ORD0635,2023-12-28,R04,West,Maharashtra,Mumbai,P005,Technology,Keyboard,1.0,3142.7,2023,2023Q4,2023-10-01
ORD0259,2023-12-29,R02,South,Kerala,Kochi,P011,Office Supplies,Pen Set,3.0,988.94,2023,2023Q4,2023-10-01
ORD0616,2023-12-29,R04,West,Rajasthan,Jaipur,P009,Furniture,Bookshelf,1.0,8957.43,2023,2023Q4,2023-10-01
ORD0720,2023-12-29,R02,South,Tamil Nadu,Chennai,P005,Technology,Keyboard,4.0,11387.76,2023,2023Q4,2023-10-01
ORD0582,2023-12-30,R02,South,Karnataka,Bengaluru,P012,Office Supplies,File Folder,2.0,429.71,2023,2023Q4,2023-10-01
ORD0134,2024-01-01,R02,South,Telangana,Hyderabad,P008,Furniture,Office Desk,1.0,15088.58,2024,2024Q1,2024-01-01
ORD0552,2024-01-01,R02,South,Tamil Nadu,Chennai,P008,Furniture,Office Desk,6.0,95449.68,2024,2024Q1,2024-01-01
ORD0330,2024-01-03,R03,East,West Bengal,Kolkata,P001,Technology,Laptop,6.0,196786.1675,2024,2024Q1,2024-01-01
ORD0549,2024-01-05,R03,East,Odisha,Bhubaneswar,P001,Technology,Laptop,5.0,196786.1675,2024,2024Q1,2024-01-01
ORD0788,2024-01-05,R04,West,Gujarat,Ahmedabad,P003,Technology,Tablet,1.0,24512.63,2024,2024Q1,2024-01-01
ORD0742,2024-01-06,R02,South,Telangana,Hyderabad,P007,Furniture,Office Chair,3.0,28582.16,2024,2024Q1,2024-01-01
ORD0450,2024-01-07,R03,East,West Bengal,Kolkata,P004,Technology,Monitor,4.0,59720.24,2024,2024Q1,2024-01-01
ORD0662,2024-01-07,R02,South,Telangana,Hyderabad,P011,Office Supplies,Pen Set,6.0,1774.95,2024,2024Q1,2024-01-01
ORD0308,2024-01-08,R04,West,Gujarat,Ahmedabad,P001,Technology,Laptop,2.0,144453.3,2024,2024Q1,2024-01-01
ORD0386,2024-01-08,R04,West,Gujarat,Ahmedabad,P003,Technology,Tablet,3.0,66917.54,2024,2024Q1,2024-01-01
ORD0875,2024-01-08,R03,East,Bihar,Patna,P010,Office Supplies,Notebook,3.0,1028.09,2024,2024Q1,2024-01-01
ORD0917,2024-01-08,R02,South,Karnataka,Bengaluru,P006,Technology,Printer,2.0,25527.96,2024,2024Q1,2024-01-01
ORD0025,2024-01-11,R02,South,Telangana,Hyderabad,P002,Technology,Smartphone,1.0,34237.82,2024,2024Q1,2024-01-01
ORD0402,2024-01-11,R01,North,Uttar Pradesh,Lucknow,P004,Technology,Monitor,7.0,109466.08,2024,2024Q1,2024-01-01
ORD0311,2024-01-12,R04,West,Maharashtra,Mumbai,P004,Technology,Monitor,3.0,47286.35,2024,2024Q1,2024-01-01
ORD0170,2024-01-13,R04,West,Maharashtra,Mumbai,P006,Technology,Printer,1.0,13235.17,2024,2024Q1,2024-01-01
ORD0613,2024-01-14,R03,East,Jharkhand,Ranchi,P008,Furniture,Office Desk,5.0,69063.7,2024,2024Q1,2024-01-01
ORD0220,2024-01-17,R02,South,Kerala,Kochi,P004,Technology,Monitor,5.0,90447.95,2024,2024Q1,2024-01-01
ORD0529,2024-01-17,R01,North,Haryana,Gurugram,P008,Furniture,Office Desk,1.0,16329.45,2024,2024Q1,2024-01-01
ORD0866,2024-01-18,R02,South,Karnataka,Bengaluru,P010,Office Supplies,Notebook,1.0,370.91,2024,2024Q1,2024-01-01
ORD0378,2024-01-19,R01,North,Punjab,Ludhiana,P009,Furniture,Bookshelf,1.0,6737.94,2024,2024Q1,2024-01-01
ORD0465,2024-01-19,R01,North,Punjab,Ludhiana,P004,Technology,Monitor,2.0,31263.63,2024,2024Q1,2024-01-01
ORD0656,2024-01-20,R04,West,Goa,Panaji,P012,Office Supplies,File Folder,2.0,429.62,2024,2024Q1,2024-01-01
ORD0565,2024-01-21,R04,West,Goa,Panaji,P010,Office Supplies,Notebook,1.0,375.88,2024,2024Q1,2024-01-01
ORD0531,2024-01-22,R02,South,Telangana,Hyderabad,P001,Technology,Laptop,2.0,134769.95,2024,2024Q1,2024-01-01
ORD0361,2024-01-25,R01,North,Punjab,Ludhiana,P001,Technology,Laptop,2.0,121187.42,2024,2024Q1,2024-01-01
ORD0646,2024-01-25,R01,North,Haryana,Gurugram,P011,Office Supplies,Pen Set,1.0,240.42,2024,2024Q1,2024-01-01
ORD0903,2024-01-27,R01,North,Haryana,Gurugram,P003,Technology,Tablet,5.0,109064.31,2024,2024Q1,2024-01-01
ORD0211,2024-01-28,R01,North,Delhi,New Delhi,P010,Office Supplies,Notebook,4.0,1413.37,2024,2024Q1,2024-01-01
ORD0672,2024-01-30,R02,South,Telangana,Hyderabad,P009,Furniture,Bookshelf,2.0,16134.72,2024,2024Q1,2024-01-01
ORD0096,2024-01-31,R03,East,Jharkhand,Ranchi,P012,Office Supplies,File Folder,6.0,977.31,2024,2024Q1,2024-01-01
ORD0257,2024-01-31,R03,East,West Bengal,Kolkata,P004,Technology,Monitor,7.0,98843.86,2024,2024Q1,2024-01-01
ORD0241,2024-02-01,R02,South,Telangana,Hyderabad,P006,Technology,Printer,1.0,12755.13,2024,2024Q1,2024-01-01
ORD0222,2024-02-02,R01,North,Haryana,Gurugram,P005,Technology,Keyboard,3.0,7105.66,2024,2024Q1,2024-01-01
ORD0007,2024-02-03,R04,West,Goa,Panaji,P003,Technology,Tablet,4.0,86451.88,2024,2024Q1,2024-01-01
ORD0038,2024-02-03,R02,South,Karnataka,Bengaluru,P001,Technology,Laptop,6.0,196786.1675,2024,2024Q1,2024-01-01
ORD0405,2024-02-03,R01,North,Punjab,Ludhiana,P007,Furniture,Office Chair,7.0,58380.32,2024,2024Q1,2024-01-01
ORD0844,2024-02-03,R04,West,Maharashtra,Mumbai,P002,Technology,Smartphone,4.0,120156.1,2024,2024Q1,2024-01-01
ORD0362,2024-02-04,R01,North,Delhi,New Delhi,P007,Furniture,Office Chair,7.0,65428.77,2024,2024Q1,2024-01-01
ORD0388,2024-02-05,R02,South,Tamil Nadu,Chennai,P004,Technology,Monitor,1.0,17539.12,2024,2024Q1,2024-01-01
ORD0460,2024-02-06,R01,North,Punjab,Ludhiana,P006,Technology,Printer,6.0,81194.24,2024,2024Q1,2024-01-01
ORD0512,2024-02-06,R04,West,Rajasthan,Jaipur,P001,Technology,Laptop,4.0,196786.1675,2024,2024Q1,2024-01-01
ORD0874,2024-02-09,R04,West,Rajasthan,Jaipur,P008,Furniture,Office Desk,1.0,16906.51,2024,2024Q1,2024-01-01
ORD0644,2024-02-10,R04,West,Gujarat,Ahmedabad,P010,Office Supplies,Notebook,4.0,1567.01,2024,2024Q1,2024-01-01
ORD0114,2024-02-11,R03,East,Odisha,Bhubaneswar,P003,Technology,Tablet,1.0,18619.47,2024,2024Q1,2024-01-01
ORD0437,2024-02-12,R03,East,West Bengal,Kolkata,P008,Furniture,Office Desk,6.0,79627.56,2024,2024Q1,2024-01-01
ORD0962,2024-02-14,R04,West,Goa,Panaji,P007,Furniture,Office Chair,6.0,61539.2,2024,2024Q1,2024-01-01
ORD0836,2024-02-15,R02,South,Kerala,Kochi,P010,Office Supplies,Notebook,2.0,710.53,2024,2024Q1,2024-01-01
ORD0869,2024-02-16,R03,East,Odisha,Bhubaneswar,P005,Technology,Keyboard,4.0,8956.02,2024,2024Q1,2024-01-01
ORD0643,2024-02-18,R03,East,West Bengal,Kolkata,P012,Office Supplies,File Folder,1.0,165.67,2024,2024Q1,2024-01-01
ORD0161,2024-02-23,R03,East,Odisha,Bhubaneswar,P010,Office Supplies,Notebook,1.0,299.75,2024,2024Q1,2024-01-01
ORD0301,2024-02-25,R03,East,Bihar,Patna,P007,Furniture,Office Chair,6.0,51337.02,2024,2024Q1,2024-01-01
ORD0323,2024-02-25,R02,South,Telangana,Hyderabad,P007,Furniture,Office Chair,4.0,41379.06,2024,2024Q1,2024-01-01
ORD0876,2024-02-27,R02,South,Telangana,Hyderabad,P007,Furniture,Office Chair,1.0,10314.53,2024,2024Q1,2024-01-01
ORD0980,2024-02-29,R02,South,Telangana,Hyderabad,P007,Furniture,Office Chair,5.0,49238.17,2024,2024Q1,2024-01-01
ORD0204,2024-03-01,R04,West,Rajasthan,Jaipur,P008,Furniture,Office Desk,1.0,17185.39,2024,2024Q1,2024-01-01
ORD0757,2024-03-02,R02,South,Karnataka,Bengaluru,P002,Technology,Smartphone,2.0,67090.39,2024,2024Q1,2024-01-01
ORD0667,2024-03-04,R02,South,Kerala,Kochi,P010,Office Supplies,Notebook,7.0,2467.07,2024,2024Q1,2024-01-01
ORD0773,2024-03-04,R03,East,Jharkhand,Ranchi,P012,Office Supplies,File Folder,7.0,1249.14,2024,2024Q1,2024-01-01
ORD0147,2024-03-05,R04,West,Rajasthan,Jaipur,P008,Furniture,Office Desk,2.0,30522.85,2024,2024Q1,2024-01-01
ORD0426,2024-03-05,R04,West,Maharashtra,Mumbai,P012,Office Supplies,File Folder,3.0,606.77,2024,2024Q1,2024-01-01
ORD0789,2024-03-09,R02,South,Telangana,Hyderabad,P002,Technology,Smartphone,2.0,59935.87,2024,2024Q1,2024-01-01
ORD0120,2024-03-15,R02,South,Telangana,Hyderabad,P008,Furniture,Office Desk,5.0,79000.22,2024,2024Q1,2024-01-01
ORD0467,2024-03-16,R03,East,Bihar,Patna,P011,Office Supplies,Pen Set,7.0,1488.14,2024,2024Q1,2024-01-01
ORD0680,2024-03-18,R02,South,Kerala,Kochi,P012,Office Supplies,File Folder,1.0,202.44,2024,2024Q1,2024-01-01
ORD0941,2024-03-18,R04,West,Gujarat,Ahmedabad,P004,Technology,Monitor,1.0,16497.42,2024,2024Q1,2024-01-01
ORD0985,2024-03-19,R02,South,Karnataka,Bengaluru,P008,Furniture,Office Desk,4.0,58728.41,2024,2024Q1,2024-01-01
ORD0314,2024-03-22,R01,North,Haryana,Gurugram,P008,Furniture,Office Desk,1.0,16084.48,2024,2024Q1,2024-01-01
ORD0436,2024-03-22,R02,South,Telangana,Hyderabad,P003,Technology,Tablet,1.0,26883.14,2024,2024Q1,2024-01-01
ORD0722,2024-03-24,R03,East,Odisha,Bhubaneswar,P003,Technology,Tablet,1.0,21920.59,2024,2024Q1,2024-01-01
ORD0047,2024-03-25,R04,West,Gujarat,Ahmedabad,P008,Furniture,Office Desk,3.0,43258.37,2024,2024Q1,2024-01-01
ORD0457,2024-03-25,R03,East,West Bengal,Kolkata,P001,Technology,Laptop,4.0,196786.1675,2024,2024Q1,2024-01-01
ORD0295,2024-03-27,R02,South,Karnataka,Bengaluru,P005,Technology,Keyboard,2.0,5202.14,2024,2024Q1,2024-01-01
ORD0852,2024-03-27,R04,West,Goa,Panaji,P010,Office Supplies,Notebook,4.0,1444.53,2024,2024Q1,2024-01-01
ORD0471,2024-03-28,R02,South,Kerala,Kochi,P008,Furniture,Office Desk,3.0,50951.56,2024,2024Q1,2024-01-01
ORD0506,2024-03-28,R03,East,Jharkhand,Ranchi,P002,Technology,Smartphone,1.0,24056.54,2024,2024Q1,2024-01-01
ORD0610,2024-03-28,R03,East,West Bengal,Kolkata,P008,Furniture,Office Desk,4.0,55663.29,2024,2024Q1,2024-01-01
ORD0411,2024-03-29,R04,West,Goa,Panaji,P002,Technology,Smartphone,4.0,114201.21,2024,2024Q1,2024-01-01
ORD0164,2024-03-30,R03,East,Odisha,Bhubaneswar,P003,Technology,Tablet,6.0,116016.15,2024,2024Q1,2024-01-01
ORD0186,2024-03-30,R01,North,Haryana,Gurugram,P002,Technology,Smartphone,7.0,179982.23,2024,2024Q1,2024-01-01
ORD0344,2024-03-30,R02,South,Tamil Nadu,Chennai,P010,Office Supplies,Notebook,7.0,2473.37,2024,2024Q1,2024-01-01
ORD0499,2024-03-31,R02,South,Karnataka,Bengaluru,P001,Technology,Laptop,4.0,34963.75,2024,2024Q1,2024-01-01
ORD0527,2024-03-31,R03,East,West Bengal,Kolkata,P009,Furniture,Bookshelf,5.0,35230.16,2024,2024Q1,2024-01-01
ORD0433,2024-04-01,R01,North,Uttar Pradesh,Lucknow,P005,Technology,Keyboard,7.0,14963.62,2024,2024Q2,2024-04-01
ORD0021,2024-04-03,R03,East,Odisha,Bhubaneswar,P005,Technology,Keyboard,6.0,11634.24,2024,2024Q2,2024-04-01
ORD0887,2024-04-07,R02,South,Kerala,Kochi,P006,Technology,Printer,4.0,56645.82,2024,2024Q2,2024-04-01
ORD0926,2024-04-07,R04,West,Maharashtra,Mumbai,P003,Technology,Tablet,5.0,114820.62,2024,2024Q2,2024-04-01
ORD0366,2024-04-08,R04,West,Maharashtra,Mumbai,P007,Furniture,Office Chair,2.0,17358.3,2024,2024Q2,2024-04-01
ORD0992,2024-04-08,R02,South,Karnataka,Bengaluru,P002,Technology,Smartphone,4.0,105953.62,2024,2024Q2,2024-04-01
ORD0293,2024-04-09,R04,West,Maharashtra,Mumbai,P002,Technology,Smartphone,3.0,88663.4,2024,2024Q2,2024-04-01
ORD0167,2024-04-10,R02,South,Karnataka,Bengaluru,P009,Furniture,Bookshelf,6.0,47592.73,2024,2024Q2,2024-04-01
ORD0459,2024-04-11,R02,South,Kerala,Kochi,P003,Technology,Tablet,2.0,41007.67,2024,2024Q2,2024-04-01
ORD0180,2024-04-13,R03,East,Odisha,Bhubaneswar,P002,Technology,Smartphone,5.0,128691.7,2024,2024Q2,2024-04-01
ORD0218,2024-04-17,R01,North,Delhi,New Delhi,P003,Technology,Tablet,6.0,112112.51,2024,2024Q2,2024-04-01
ORD0397,2024-04-18,R03,East,Bihar,Patna,P012,Office Supplies,File Folder,3.0,457.2,2024,2024Q2,2024-04-01
ORD0001,2024-04-19,R04,West,Rajasthan,Jaipur,P006,Technology,Printer,7.0,91584.42,2024,2024Q2,2024-04-01
ORD0078,2024-04-20,R02,South,Tamil Nadu,Chennai,P002,Technology,Smartphone,4.0,112405.02,2024,2024Q2,2024-04-01
ORD0340,2024-04-20,R02,South,Kerala,Kochi,P006,Technology,Printer,5.0,59198.6,2024,2024Q2,2024-04-01
ORD0416,2024-04-20,R01,North,Uttar Pradesh,Lucknow,P008,Furniture,Office Desk,6.0,77265.31,2024,2024Q2,2024-04-01
ORD0997,2024-04-20,R02,South,Tamil Nadu,Chennai,P001,Technology,Laptop,2.0,131913.32,2024,2024Q2,2024-04-01
ORD0333,2024-04-21,R02,South,Kerala,Kochi,P002,Technology,Smartphone,6.0,171588.63,2024,2024Q2,2024-04-01
ORD0408,2024-04-22,R01,North,Punjab,Ludhiana,P005,Technology,Keyboard,4.0,10224.8,2024,2024Q2,2024-04-01
ORD0487,2024-04-22,R04,West,Rajasthan,Jaipur,P012,Office Supplies,File Folder,2.0,395.08,2024,2024Q2,2024-04-01
ORD0596,2024-04-23,R04,West,Maharashtra,Mumbai,P003,Technology,Tablet,2.0,39429.44,2024,2024Q2,2024-04-01
ORD0829,2024-04-23,R03,East,Jharkhand,Ranchi,P008,Furniture,Office Desk,3.0,32923.12,2024,2024Q2,2024-04-01
ORD0321,2024-04-26,R02,South,Kerala,Kochi,P005,Technology,Keyboard,4.0,10517.64,2024,2024Q2,2024-04-01
ORD0851,2024-04-27,R01,North,Punjab,Ludhiana,P011,Office Supplies,Pen Set,4.0,1031.85,2024,2024Q2,2024-04-01
ORD0860,2024-04-27,R02,South,Karnataka,Bengaluru,P004,Technology,Monitor,1.0,16696.75,2024,2024Q2,2024-04-01
ORD0036,2024-04-28,R02,South,Kerala,Kochi,P006,Technology,Printer,7.0,90832.83,2024,2024Q2,2024-04-01
ORD0391,2024-04-28,R04,West,Gujarat,Ahmedabad,P008,Furniture,Office Desk,7.0,110924.73,2024,2024Q2,2024-04-01
ORD0270,2024-04-30,R03,East,Bihar,Patna,P006,Technology,Printer,5.0,50378.86,2024,2024Q2,2024-04-01
ORD0162,2024-05-01,R03,East,West Bengal,Kolkata,P011,Office Supplies,Pen Set,1.0,209.74,2024,2024Q2,2024-04-01
ORD0704,2024-05-01,R03,East,Odisha,Bhubaneswar,P001,Technology,Laptop,1.0,55052.93,2024,2024Q2,2024-04-01
ORD0964,2024-05-01,R02,South,Telangana,Hyderabad,P005,Technology,Keyboard,5.0,11996.95,2024,2024Q2,2024-04-01
ORD0826,2024-05-03,R04,West,Gujarat,Ahmedabad,P004,Technology,Monitor,2.0,35606.49,2024,2024Q2,2024-04-01
ORD0879,2024-05-03,R04,West,Maharashtra,Mumbai,P012,Office Supplies,File Folder,7.0,1334.79,2024,2024Q2,2024-04-01
ORD0898,2024-05-03,R04,West,Gujarat,Ahmedabad,P004,Technology,Monitor,6.0,92731.56,2024,2024Q2,2024-04-01
ORD0109,2024-05-04,R03,East,Jharkhand,Ranchi,P011,Office Supplies,Pen Set,1.0,195.49,2024,2024Q2,2024-04-01
ORD0172,2024-05-07,R03,East,Jharkhand,Ranchi,P005,Technology,Keyboard,3.0,6899.47,2024,2024Q2,2024-04-01
ORD0834,2024-05-08,R01,North,Delhi,New Delhi,P003,Technology,Tablet,3.0,60528.3,2024,2024Q2,2024-04-01
ORD0498,2024-05-09,R04,West,Rajasthan,Jaipur,P002,Technology,Smartphone,1.0,29165.18,2024,2024Q2,2024-04-01
ORD0331,2024-05-10,R02,South,Tamil Nadu,Chennai,P006,Technology,Printer,1.0,13574.25,2024,2024Q2,2024-04-01
ORD0432,2024-05-10,R02,South,Karnataka,Bengaluru,P001,Technology,Laptop,3.0,196786.1675,2024,2024Q2,2024-04-01
ORD0952,2024-05-11,R01,North,Delhi,New Delhi,P002,Technology,Smartphone,5.0,136435.13,2024,2024Q2,2024-04-01
ORD0232,2024-05-12,R01,North,Delhi,New Delhi,P004,Technology,Monitor,2.0,32654.08,2024,2024Q2,2024-04-01
ORD0425,2024-05-12,R01,North,Haryana,Gurugram,P010,Office Supplies,Notebook,7.0,2434.28,2024,2024Q2,2024-04-01
ORD0276,2024-05-13,R01,North,Delhi,New Delhi,P005,Technology,Keyboard,6.0,15267.09,2024,2024Q2,2024-04-01
ORD0356,2024-05-15,R03,East,Jharkhand,Ranchi,P006,Technology,Printer,4.0,40778.8,2024,2024Q2,2024-04-01
ORD0026,2024-05-16,R04,West,Gujarat,Ahmedabad,P009,Furniture,Bookshelf,2.0,15485.32,2024,2024Q2,2024-04-01
ORD0888,2024-05-18,R01,North,Delhi,New Delhi,P011,Office Supplies,Pen Set,7.0,1677.84,2024,2024Q2,2024-04-01
ORD0152,2024-05-19,R04,West,Rajasthan,Jaipur,P010,Office Supplies,Notebook,7.0,2252.0,2024,2024Q2,2024-04-01
ORD0274,2024-05-21,R02,South,Karnataka,Bengaluru,P004,Technology,Monitor,5.0,80166.28,2024,2024Q2,2024-04-01
ORD0652,2024-05-21,R01,North,Delhi,New Delhi,P002,Technology,Smartphone,5.0,124959.79,2024,2024Q2,2024-04-01
ORD0061,2024-05-22,R04,West,Gujarat,Ahmedabad,P010,Office Supplies,Notebook,2.0,707.18,2024,2024Q2,2024-04-01
ORD0823,2024-05-22,R01,North,Delhi,New Delhi,P006,Technology,Printer,3.0,37248.65,2024,2024Q2,2024-04-01
ORD0260,2024-05-23,R02,South,Kerala,Kochi,P005,Technology,Keyboard,4.0,9388.1,2024,2024Q2,2024-04-01
ORD0786,2024-05-25,R02,South,Kerala,Kochi,P003,Technology,Tablet,7.0,142446.01,2024,2024Q2,2024-04-01
ORD0035,2024-05-26,R04,West,Gujarat,Ahmedabad,P006,Technology,Printer,6.0,68424.31,2024,2024Q2,2024-04-01
ORD0751,2024-05-27,R04,West,Rajasthan,Jaipur,P008,Furniture,Office Desk,2.0,30659.92,2024,2024Q2,2024-04-01
ORD0971,2024-05-27,R03,East,Bihar,Patna,P011,Office Supplies,Pen Set,5.0,1037.07,2024,2024Q2,2024-04-01
ORD0561,2024-05-28,R02,South,Telangana,Hyderabad,P001,Technology,Laptop,3.0,188657.21,2024,2024Q2,2024-04-01
ORD0758,2024-05-29,R03,East,Bihar,Patna,P005,Technology,Keyboard,6.0,11354.12,2024,2024Q2,2024-04-01
ORD0944,2024-05-29,R03,East,Bihar,Patna,P010,Office Supplies,Notebook,6.0,1752.86,2024,2024Q2,2024-04-01
ORD0319,2024-05-30,R02,South,Telangana,Hyderabad,P008,Furniture,Office Desk,1.0,14243.15,2024,2024Q2,2024-04-01
ORD0014,2024-05-31,R04,West,Goa,Panaji,P008,Furniture,Office Desk,5.0,77205.33,2024,2024Q2,2024-04-01
ORD0909,2024-06-01,R03,East,Jharkhand,Ranchi,P005,Technology,Keyboard,5.0,10277.98,2024,2024Q2,2024-04-01
ORD0224,2024-06-02,R02,South,Tamil Nadu,Chennai,P002,Technology,Smartphone,6.0,196786.1675,2024,2024Q2,2024-04-01
ORD0854,2024-06-02,R02,South,Kerala,Kochi,P001,Technology,Laptop,3.0,196786.1675,2024,2024Q2,2024-04-01
ORD0089,2024-06-05,R03,East,West Bengal,Kolkata,P007,Furniture,Office Chair,4.0,32885.32,2024,2024Q2,2024-04-01
ORD0193,2024-06-05,R01,North,Punjab,Ludhiana,P008,Furniture,Office Desk,2.0,30326.2,2024,2024Q2,2024-04-01
ORD0642,2024-06-06,R03,East,Odisha,Bhubaneswar,P005,Technology,Keyboard,1.0,2074.48,2024,2024Q2,2024-04-01
ORD0916,2024-06-06,R01,North,Uttar Pradesh,Lucknow,P011,Office Supplies,Pen Set,7.0,1873.32,2024,2024Q2,2024-04-01
ORD0122,2024-06-07,R01,North,Haryana,Gurugram,P006,Technology,Printer,4.0,48431.15,2024,2024Q2,2024-04-01
ORD0557,2024-06-07,R04,West,Goa,Panaji,P004,Technology,Monitor,5.0,79036.5,2024,2024Q2,2024-04-01
ORD0794,2024-06-07,R03,East,Bihar,Patna,P012,Office Supplies,File Folder,5.0,736.16,2024,2024Q2,2024-04-01
ORD0138,2024-06-09,R04,West,Maharashtra,Mumbai,P006,Technology,Printer,4.0,50389.99,2024,2024Q2,2024-04-01
ORD0190,2024-06-12,R02,South,Tamil Nadu,Chennai,P012,Office Supplies,File Folder,1.0,198.27,2024,2024Q2,2024-04-01
ORD0846,2024-06-12,R02,South,Tamil Nadu,Chennai,P011,Office Supplies,Pen Set,7.0,1968.32,2024,2024Q2,2024-04-01
ORD0925,2024-06-13,R02,South,Kerala,Kochi,P001,Technology,Laptop,1.0,71114.32,2024,2024Q2,2024-04-01
ORD0883,2024-06-15,R04,West,Goa,Panaji,P006,Technology,Printer,1.0,12198.98,2024,2024Q2,2024-04-01
ORD0185,2024-06-21,R01,North,Uttar Pradesh,Lucknow,P004,Technology,Monitor,3.0,48551.39,2024,2024Q2,2024-04-01
ORD0393,2024-06-23,R02,South,Karnataka,Bengaluru,P006,Technology,Printer,3.0,42281.12,2024,2024Q2,2024-04-01
ORD0464,2024-06-23,R02,South,Tamil Nadu,Chennai,P010,Office Supplies,Notebook,6.0,2586.6,2024,2024Q2,2024-04-01
ORD0537,2024-06-24,R02,South,Tamil Nadu,Chennai,P012,Office Supplies,File Folder,1.0,221.51,2024,2024Q2,2024-04-01
ORD0194,2024-06-25,R03,East,Bihar,Patna,P011,Office Supplies,Pen Set,1.0,244.74,2024,2024Q2,2024-04-01
ORD0572,2024-06-26,R01,North,Punjab,Ludhiana,P002,Technology,Smartphone,7.0,196786.1675,2024,2024Q2,2024-04-01
ORD0674,2024-06-27,R04,West,Maharashtra,Mumbai,P012,Office Supplies,File Folder,7.0,1274.38,2024,2024Q2,2024-04-01
ORD0747,2024-06-29,R01,North,Punjab,Ludhiana,P003,Technology,Tablet,1.0,22905.75,2024,2024Q2,2024-04-01
ORD0051,2024-07-01,R04,West,Gujarat,Ahmedabad,P012,Office Supplies,File Folder,4.0,724.46,2024,2024Q3,2024-07-01
ORD0057,2024-07-01,R02,South,Telangana,Hyderabad,P012,Office Supplies,File Folder,1.0,202.38,2024,2024Q3,2024-07-01
ORD0817,2024-07-01,R02,South,Tamil Nadu,Chennai,P003,Technology,Tablet,2.0,51688.8,2024,2024Q3,2024-07-01
ORD0003,2024-07-02,R01,North,Uttar Pradesh,Lucknow,P006,Technology,Printer,3.0,42223.73,2024,2024Q3,2024-07-01
ORD0325,2024-07-02,R01,North,Haryana,Gurugram,P002,Technology,Smartphone,6.0,168892.63,2024,2024Q3,2024-07-01
ORD0902,2024-07-02,R04,West,Goa,Panaji,P001,Technology,Laptop,2.0,133973.15,2024,2024Q3,2024-07-01
ORD0132,2024-07-03,R01,North,Punjab,Ludhiana,P005,Technology,Keyboard,7.0,19974.19,2024,2024Q3,2024-07-01
ORD0511,2024-07-03,R02,South,Telangana,Hyderabad,P010,Office Supplies,Notebook,5.0,2126.0,2024,2024Q3,2024-07-01
ORD0600,2024-07-06,R02,South,Karnataka,Bengaluru,P003,Technology,Tablet,1.0,24736.18,2024,2024Q3,2024-07-01
ORD0079,2024-07-07,R01,North,Haryana,Gurugram,P005,Technology,Keyboard,3.0,7436.18,2024,2024Q3,2024-07-01
ORD0336,2024-07-07,R01,North,Haryana,Gurugram,P010,Office Supplies,Notebook,4.0,1462.51,2024,2024Q3,2024-07-01
ORD0692,2024-07-08,R01,North,Punjab,Ludhiana,P012,Office Supplies,File Folder,4.0,770.07,2024,2024Q3,2024-07-01
ORD0522,2024-07-09,R03,East,Odisha,Bhubaneswar,P004,Technology,Monitor,3.0,42195.57,2024,2024Q3,2024-07-01
ORD0363,2024-07-10,R03,East,Jharkhand,Ranchi,P003,Technology,Tablet,6.0,123066.53,2024,2024Q3,2024-07-01
ORD0677,2024-07-10,R03,East,West Bengal,Kolkata,P006,Technology,Printer,7.0,74858.85,2024,2024Q3,2024-07-01
ORD0056,2024-07-11,R02,South,Tamil Nadu,Chennai,P006,Technology,Printer,5.0,76328.8,2024,2024Q3,2024-07-01
ORD0890,2024-07-14,R02,South,Kerala,Kochi,P012,Office Supplies,File Folder,5.0,1003.02,2024,2024Q3,2024-07-01
ORD0514,2024-07-15,R02,South,Tamil Nadu,Chennai,P011,Office Supplies,Pen Set,3.0,829.58,2024,2024Q3,2024-07-01
ORD0973,2024-07-15,R04,West,Gujarat,Ahmedabad,P004,Technology,Monitor,1.0,18073.66,2024,2024Q3,2024-07-01
ORD0733,2024-07-17,R02,South,Karnataka,Bengaluru,P009,Furniture,Bookshelf,5.0,36408.69,2024,2024Q3,2024-07-01
ORD0809,2024-07-17,R02,South,Karnataka,Bengaluru,P002,Technology,Smartphone,2.0,57236.27,2024,2024Q3,2024-07-01
ORD0961,2024-07-17,R03,East,Jharkhand,Ranchi,P008,Furniture,Office Desk,5.0,67454.69,2024,2024Q3,2024-07-01
ORD0069,2024-07-19,R01,North,Haryana,Gurugram,P008,Furniture,Office Desk,5.0,72958.97,2024,2024Q3,2024-07-01
ORD0146,2024-07-20,R02,South,Telangana,Hyderabad,P007,Furniture,Office Chair,1.0,34963.75,2024,2024Q3,2024-07-01
ORD0428,2024-07-20,R04,West,Maharashtra,Mumbai,P004,Technology,Monitor,6.0,102043.13,2024,2024Q3,2024-07-01
ORD0586,2024-07-20,R01,North,Punjab,Ludhiana,P001,Technology,Laptop,6.0,196786.1675,2024,2024Q3,2024-07-01
ORD0090,2024-07-21,R04,West,Goa,Panaji,P010,Office Supplies,Notebook,4.0,1560.25,2024,2024Q3,2024-07-01
ORD0488,2024-07-22,R01,North,Haryana,Gurugram,P012,Office Supplies,File Folder,7.0,1160.09,2024,2024Q3,2024-07-01
ORD0878,2024-07-22,R03,East,Odisha,Bhubaneswar,P004,Technology,Monitor,7.0,106404.36,2024,2024Q3,2024-07-01
ORD0267,2024-07-23,R02,South,Kerala,Kochi,P012,Office Supplies,File Folder,3.0,624.17,2024,2024Q3,2024-07-01
ORD0636,2024-07-23,R02,South,Tamil Nadu,Chennai,P006,Technology,Printer,3.0,39392.17,2024,2024Q3,2024-07-01
ORD0088,2024-07-24,R03,East,West Bengal,Kolkata,P002,Technology,Smartphone,5.0,118148.19,2024,2024Q3,2024-07-01
ORD0310,2024-07-25,R01,North,Delhi,New Delhi,P006,Technology,Printer,2.0,23705.62,2024,2024Q3,2024-07-01
ORD0495,2024-07-25,R02,South,Kerala,Kochi,P012,Office Supplies,File Folder,6.0,1125.46,2024,2024Q3,2024-07-01
ORD0112,2024-07-26,R02,South,Tamil Nadu,Chennai,P009,Furniture,Bookshelf,7.0,55761.68,2024,2024Q3,2024-07-01
ORD0651,2024-07-26,R02,South,Telangana,Hyderabad,P009,Furniture,Bookshelf,4.0,32825.45,2024,2024Q3,2024-07-01
ORD0710,2024-07-26,R03,East,Odisha,Bhubaneswar,P004,Technology,Monitor,3.0,39313.97,2024,2024Q3,2024-07-01
ORD0434,2024-07-29,R04,West,Rajasthan,Jaipur,P004,Technology,Monitor,7.0,128717.76,2024,2024Q3,2024-07-01
ORD0569,2024-07-29,R04,West,Rajasthan,Jaipur,P011,Office Supplies,Pen Set,7.0,1716.15,2024,2024Q3,2024-07-01
ORD0125,2024-07-30,R02,South,Kerala,Kochi,P008,Furniture,Office Desk,3.0,48462.61,2024,2024Q3,2024-07-01
ORD0254,2024-07-30,R02,South,Kerala,Kochi,P012,Office Supplies,File Folder,3.0,557.76,2024,2024Q3,2024-07-01
ORD0690,2024-07-30,R04,West,Rajasthan,Jaipur,P009,Furniture,Bookshelf,5.0,38386.68,2024,2024Q3,2024-07-01
ORD0845,2024-07-30,R01,North,Punjab,Ludhiana,P011,Office Supplies,Pen Set,4.0,1132.14,2024,2024Q3,2024-07-01
ORD0602,2024-07-31,R04,West,Maharashtra,Mumbai,P003,Technology,Tablet,4.0,91754.53,2024,2024Q3,2024-07-01
ORD0472,2024-08-01,R02,South,Karnataka,Bengaluru,P004,Technology,Monitor,1.0,16570.69,2024,2024Q3,2024-07-01
ORD0245,2024-08-02,R02,South,Telangana,Hyderabad,P005,Technology,Keyboard,4.0,10353.12,2024,2024Q3,2024-07-01
ORD0754,2024-08-02,R04,West,Gujarat,Ahmedabad,P009,Technology,Bookshelf,2.0,15966.23,2024,2024Q3,2024-07-01
ORD0963,2024-08-02,R01,North,Delhi,New Delhi,P004,Technology,Monitor,3.0,47055.14,2024,2024Q3,2024-07-01
ORD0188,2024-08-03,R04,West,Gujarat,Ahmedabad,P011,Office Supplies,Pen Set,2.0,524.31,2024,2024Q3,2024-07-01
ORD0369,2024-08-05,R01,North,Punjab,Ludhiana,P006,Technology,Printer,4.0,51601.92,2024,2024Q3,2024-07-01
ORD0209,2024-08-06,R02,South,Telangana,Hyderabad,P009,Furniture,Bookshelf,6.0,47342.36,2024,2024Q3,2024-07-01
ORD0686,2024-08-07,R01,North,Haryana,Gurugram,P011,Office Supplies,Pen Set,2.0,544.81,2024,2024Q3,2024-07-01
ORD0168,2024-08-08,R02,South,Telangana,Hyderabad,P005,Technology,Keyboard,1.0,2822.8,2024,2024Q3,2024-07-01
ORD0216,2024-08-08,R04,West,Rajasthan,Jaipur,P009,Furniture,Bookshelf,6.0,46511.48,2024,2024Q3,2024-07-01
ORD0700,2024-08-08,R03,East,Jharkhand,Ranchi,P005,Technology,Keyboard,5.0,12031.73,2024,2024Q3,2024-07-01
ORD0238,2024-08-09,R04,West,Rajasthan,Jaipur,P005,Technology,Keyboard,4.0,10310.21,2024,2024Q3,2024-07-01
ORD0714,2024-08-10,R04,West,Gujarat,Ahmedabad,P004,Technology,Monitor,6.0,114742.64,2024,2024Q3,2024-07-01
ORD0665,2024-08-11,R02,South,Karnataka,Bengaluru,P007,Furniture,Office Chair,1.0,9401.74,2024,2024Q3,2024-07-01
ORD0633,2024-08-12,R04,West,Gujarat,Ahmedabad,P008,Furniture,Office Desk,5.0,81481.08,2024,2024Q3,2024-07-01
ORD0698,2024-08-13,R04,West,Gujarat,Ahmedabad,P005,Technology,Keyboard,6.0,14847.8,2024,2024Q3,2024-07-01
ORD0110,2024-08-14,R01,North,Punjab,Ludhiana,P007,Furniture,Office Chair,6.0,57206.23,2024,2024Q3,2024-07-01
ORD0603,2024-08-14,R02,South,Kerala,Kochi,P012,Office Supplies,File Folder,5.0,1103.27,2024,2024Q3,2024-07-01
ORD0353,2024-08-15,R04,West,Maharashtra,Mumbai,P009,Furniture,Bookshelf,6.0,50562.68,2024,2024Q3,2024-07-01
ORD0455,2024-08-15,R04,West,Goa,Panaji,P006,Technology,Printer,4.0,55962.27,2024,2024Q3,2024-07-01
ORD0886,2024-08-15,R04,West,Rajasthan,Jaipur,P007,Furniture,Office Chair,7.0,64607.69,2024,2024Q3,2024-07-01
ORD0418,2024-08-16,R01,North,Uttar Pradesh,Lucknow,P011,Office Supplies,Pen Set,3.0,792.66,2024,2024Q3,2024-07-01
ORD0115,2024-08-18,R04,West,Rajasthan,Jaipur,P006,Technology,Printer,6.0,84240.8,2024,2024Q3,2024-07-01
ORD0483,2024-08-18,R01,North,Haryana,Gurugram,P006,Technology,Printer,5.0,65935.92,2024,2024Q3,2024-07-01
ORD0099,2024-08-19,R03,East,West Bengal,Kolkata,P009,Furniture,Bookshelf,1.0,6299.68,2024,2024Q3,2024-07-01
ORD0711,2024-08-19,R04,West,Gujarat,Ahmedabad,P006,Technology,Printer,4.0,51514.83,2024,2024Q3,2024-07-01
ORD0724,2024-08-19,R03,East,Bihar,Patna,P008,Furniture,Office Desk,7.0,83992.35,2024,2024Q3,2024-07-01
ORD0933,2024-08-19,R03,East,West Bengal,Kolkata,P010,Office Supplies,Notebook,7.0,2424.44,2024,2024Q3,2024-07-01
ORD0004,2024-08-20,R03,East,Odisha,Bhubaneswar,P010,Office Supplies,Notebook,4.0,1196.99,2024,2024Q3,2024-07-01
ORD0493,2024-08-20,R02,South,Kerala,Kochi,P007,Furniture,Office Chair,3.0,33064.44,2024,2024Q3,2024-07-01
ORD0029,2024-08-22,R02,South,Telangana,Hyderabad,P007,Furniture,Office Chair,2.0,21551.41,2024,2024Q3,2024-07-01
ORD0435,2024-08-23,R04,West,Gujarat,Ahmedabad,P003,Technology,Tablet,4.0,101829.6,2024,2024Q3,2024-07-01
ORD0638,2024-08-25,R02,South,Telangana,Hyderabad,P004,Technology,Monitor,4.0,71092.85,2024,2024Q3,2024-07-01
ORD0979,2024-08-27,R04,West,Gujarat,Ahmedabad,P005,Technology,Keyboard,3.0,7833.35,2024,2024Q3,2024-07-01
ORD0250,2024-08-28,R03,East,Jharkhand,Ranchi,P001,Technology,Laptop,7.0,196786.1675,2024,2024Q3,2024-07-01
ORD0684,2024-08-28,R03,East,West Bengal,Kolkata,P005,Technology,Keyboard,2.0,4505.44,2024,2024Q3,2024-07-01
ORD0525,2024-08-29,R01,North,Punjab,Ludhiana,P006,Technology,Printer,1.0,12143.9,2024,2024Q3,2024-07-01
ORD0171,2024-08-31,R01,North,Haryana,Gurugram,P003,Technology,Tablet,1.0,22433.75,2024,2024Q3,2024-07-01
ORD0585,2024-08-31,R04,West,Goa,Panaji,P005,Technology,Keyboard,4.0,9884.28,2024,2024Q3,2024-07-01
ORD0196,2024-09-02,R02,South,Tamil Nadu,Chennai,P012,Office Supplies,File Folder,4.0,817.94,2024,2024Q3,2024-07-01
ORD0458,2024-09-02,R04,West,Gujarat,Ahmedabad,P006,Technology,Printer,4.0,60030.94,2024,2024Q3,2024-07-01
ORD0655,2024-09-03,R01,North,Haryana,Gurugram,P011,Office Supplies,Pen Set,6.0,1680.66,2024,2024Q3,2024-07-01
ORD0840,2024-09-10,R03,East,Jharkhand,Ranchi,P006,Technology,Printer,5.0,58878.66,2024,2024Q3,2024-07-01
ORD0129,2024-09-11,R01,North,Delhi,New Delhi,P004,Technology,Monitor,3.0,45927.36,2024,2024Q3,2024-07-01
ORD0800,2024-09-11,R03,East,Bihar,Patna,P002,Technology,Smartphone,2.0,55691.74,2024,2024Q3,2024-07-01
ORD0149,2024-09-12,R02,South,Tamil Nadu,Chennai,P008,Furniture,Office Desk,1.0,15330.58,2024,2024Q3,2024-07-01
ORD0055,2024-09-13,R01,North,Haryana,Gurugram,P002,Technology,Smartphone,7.0,196786.1675,2024,2024Q3,2024-07-01
ORD0689,2024-09-13,R04,West,Maharashtra,Mumbai,P001,Technology,Laptop,7.0,196786.1675,2024,2024Q3,2024-07-01
ORD0819,2024-09-15,R03,East,Bihar,Patna,P009,Furniture,Bookshelf,5.0,34031.29,2024,2024Q3,2024-07-01
ORD0595,2024-09-21,R04,West,Maharashtra,Mumbai,P008,Furniture,Office Desk,1.0,16484.48,2024,2024Q3,2024-07-01
ORD0221,2024-09-23,R02,South,Tamil Nadu,Chennai,P008,Furniture,Office Desk,7.0,111971.65,2024,2024Q3,2024-07-01
ORD0546,2024-09-25,R04,West,Gujarat,Ahmedabad,P012,Office Supplies,File Folder,6.0,1086.23,2024,2024Q3,2024-07-01
ORD0972,2024-09-25,R04,West,Maharashtra,Mumbai,P001,Technology,Laptop,7.0,196786.1675,2024,2024Q3,2024-07-01
ORD0994,2024-09-25,R02,South,Kerala,Kochi,P003,Technology,Tablet,1.0,22857.09,2024,2024Q3,2024-07-01
ORD0075,2024-09-26,R04,West,Gujarat,Ahmedabad,P010,Office Supplies,Notebook,6.0,2361.77,2024,2024Q3,2024-07-01
ORD0777,2024-09-27,R03,East,West Bengal,Kolkata,P009,Furniture,Bookshelf,3.0,19697.84,2024,2024Q3,2024-07-01
ORD0085,2024-09-28,R01,North,Punjab,Ludhiana,P009,Furniture,Bookshelf,1.0,7896.17,2024,2024Q3,2024-07-01
ORD0969,2024-09-29,R01,North,Uttar Pradesh,Lucknow,P002,Technology,Smartphone,7.0,196786.1675,2024,2024Q3,2024-07-01
ORD0755,2024-09-30,R04,West,Maharashtra,Mumbai,P002,Technology,Smartphone,3.0,86331.68,2024,2024Q3,2024-07-01
ORD0255,2024-10-01,R03,East,Jharkhand,Ranchi,P011,Office Supplies,Pen Set,1.0,258.47,2024,2024Q4,2024-10-01
ORD0842,2024-10-04,R02,South,Kerala,Kochi,P004,Technology,Monitor,5.0,105493.95,2024,2024Q4,2024-10-01
ORD0123,2024-10-08,R03,East,Odisha,Bhubaneswar,P007,Furniture,Office Chair,5.0,48556.7,2024,2024Q4,2024-10-01
ORD0756,2024-10-11,R02,South,Karnataka,Bengaluru,P009,Furniture,Bookshelf,4.0,36325.36,2024,2024Q4,2024-10-01
ORD0922,2024-10-13,R01,North,Uttar Pradesh,Lucknow,P002,Technology,Smartphone,3.0,109321.54,2024,2024Q4,2024-10-01
ORD0306,2024-10-17,R01,North,Delhi,New Delhi,P003,Technology,Tablet,7.0,188262.2,2024,2024Q4,2024-10-01
ORD0372,2024-10-17,R03,East,Bihar,Patna,P001,Technology,Laptop,7.0,196786.1675,2024,2024Q4,2024-10-01
ORD0568,2024-10-17,R03,East,Jharkhand,Ranchi,P011,Office Supplies,Pen Set,5.0,1338.69,2024,2024Q4,2024-10-01
ORD0627,2024-10-18,R02,South,Telangana,Hyderabad,P001,Technology,Laptop,7.0,196786.1675,2024,2024Q4,2024-10-01
ORD0191,2024-10-23,R03,East,West Bengal,Kolkata,P002,Technology,Smartphone,1.0,26963.14,2024,2024Q4,2024-10-01
ORD0277,2024-10-24,R01,North,Punjab,Ludhiana,P010,Office Supplies,Notebook,1.0,404.73,2024,2024Q4,2024-10-01
ORD0748,2024-10-24,R01,North,Delhi,New Delhi,P008,Furniture,Office Desk,6.0,110298.12,2024,2024Q4,2024-10-01
ORD0574,2024-10-26,R03,East,West Bengal,Kolkata,P004,Technology,Monitor,3.0,45143.98,2024,2024Q4,2024-10-01
ORD0984,2024-10-26,R02,South,Kerala,Kochi,P001,Technology,Laptop,4.0,196786.1675,2024,2024Q4,2024-10-01
ORD0764,2024-10-27,R03,East,West Bengal,Kolkata,P010,Office Supplies,Notebook,5.0,1827.58,2024,2024Q4,2024-10-01
ORD0148,2024-10-28,R01,North,Haryana,Gurugram,P001,Technology,Laptop,7.0,196786.1675,2024,2024Q4,2024-10-01
ORD0452,2024-10-29,R03,East,Bihar,Patna,P009,Furniture,Bookshelf,1.0,7232.72,2024,2024Q4,2024-10-01
ORD0701,2024-10-29,R04,West,Maharashtra,Mumbai,P006,Technology,Printer,1.0,16007.65,2024,2024Q4,2024-10-01
ORD0706,2024-10-30,R02,South,Kerala,Kochi,P009,Furniture,Bookshelf,1.0,9831.61,2024,2024Q4,2024-10-01
ORD0034,2024-11-02,R03,East,Odisha,Bhubaneswar,P005,Technology,Keyboard,5.0,11708.66,2024,2024Q4,2024-10-01
ORD0728,2024-11-02,R04,West,Gujarat,Ahmedabad,P007,Furniture,Office Chair,5.0,52135.34,2024,2024Q4,2024-10-01
ORD0229,2024-11-03,R04,West,Maharashtra,Mumbai,P012,Office Supplies,File Folder,7.0,1736.53,2024,2024Q4,2024-10-01
ORD0691,2024-11-03,R03,East,Jharkhand,Ranchi,P012,Office Supplies,File Folder,1.0,180.61,2024,2024Q4,2024-10-01
ORD0958,2024-11-03,R04,West,Rajasthan,Jaipur,P008,Furniture,Office Desk,4.0,74672.72,2024,2024Q4,2024-10-01
ORD0329,2024-11-06,R03,East,Jharkhand,Ranchi,P001,Technology,Laptop,1.0,70618.04,2024,2024Q4,2024-10-01
ORD0236,2024-11-08,R02,South,Tamil Nadu,Chennai,P011,Office Supplies,Pen Set,2.0,626.8,2024,2024Q4,2024-10-01
ORD0578,2024-11-08,R03,East,Bihar,Patna,P011,Office Supplies,Pen Set,7.0,1661.5,2024,2024Q4,2024-10-01
ORD0775,2024-11-09,R01,North,Haryana,Gurugram,P005,Technology,Keyboard,2.0,5497.77,2024,2024Q4,2024-10-01
ORD0175,2024-11-10,R04,West,Maharashtra,Mumbai,P008,Furniture,Office Desk,5.0,86971.25,2024,2024Q4,2024-10-01
ORD0208,2024-11-10,R04,West,Goa,Panaji,P004,Technology,Monitor,5.0,101523.96,2024,2024Q4,2024-10-01
ORD0365,2024-11-11,R01,North,Haryana,Gurugram,P006,Technology,Printer,7.0,100916.08,2024,2024Q4,2024-10-01
ORD0713,2024-11-13,R04,West,Rajasthan,Jaipur,P005,Technology,Keyboard,3.0,9267.4,2024,2024Q4,2024-10-01
ORD0354,2024-11-17,R04,West,Gujarat,Ahmedabad,P012,Office Supplies,File Folder,1.0,240.34,2024,2024Q4,2024-10-01
ORD0896,2024-11-17,R04,West,Rajasthan,Jaipur,P010,Office Supplies,Notebook,3.0,1380.97,2024,2024Q4,2024-10-01
ORD0803,2024-11-18,R01,North,Uttar Pradesh,Lucknow,P002,Technology,Smartphone,3.0,103880.28,2024,2024Q4,2024-10-01
ORD0884,2024-11-18,R02,South,Tamil Nadu,Chennai,P002,Technology,Smartphone,5.0,190377.39,2024,2024Q4,2024-10-01
ORD0390,2024-11-19,R04,West,Gujarat,Ahmedabad,P006,Technology,Printer,5.0,84671.63,2024,2024Q4,2024-10-01
ORD0031,2024-11-20,R03,East,West Bengal,Kolkata,P008,Furniture,Office Desk,1.0,14879.6,2024,2024Q4,2024-10-01
ORD0993,2024-11-20,R02,South,Tamil Nadu,Chennai,P002,Technology,Smartphone,7.0,196786.1675,2024,2024Q4,2024-10-01
ORD0011,2024-11-21,R02,South,Tamil Nadu,Chennai,P010,Office Supplies,Notebook,5.0,2144.51,2024,2024Q4,2024-10-01
ORD0939,2024-11-22,R02,South,Tamil Nadu,Chennai,P010,Office Supplies,Notebook,4.0,1727.86,2024,2024Q4,2024-10-01
ORD0415,2024-11-23,R01,North,Haryana,Gurugram,P011,Office Supplies,Pen Set,3.0,798.57,2024,2024Q4,2024-10-01
ORD0043,2024-11-26,R02,South,Tamil Nadu,Chennai,P012,Office Supplies,File Folder,3.0,692.19,2024,2024Q4,2024-10-01
ORD0413,2024-11-28,R04,West,Rajasthan,Jaipur,P010,Office Supplies,Notebook,2.0,834.89,2024,2024Q4,2024-10-01
ORD0470,2024-11-29,R02,South,Tamil Nadu,Chennai,P004,Technology,Monitor,4.0,82852.12,2024,2024Q4,2024-10-01
ORD0491,2024-11-30,R03,East,Odisha,Bhubaneswar,P006,Technology,Printer,5.0,60404.38,2024,2024Q4,2024-10-01
ORD0305,2024-12-01,R02,South,Karnataka,Bengaluru,P007,Furniture,Office Chair,5.0,52060.04,2024,2024Q4,2024-10-01
ORD0702,2024-12-02,R01,North,Haryana,Gurugram,P003,Technology,Tablet,3.0,82127.07,2024,2024Q4,2024-10-01
ORD0950,2024-12-07,R03,East,Odisha,Bhubaneswar,P010,Office Supplies,Notebook,3.0,1043.46,2024,2024Q4,2024-10-01
ORD0215,2024-12-08,R03,East,Bihar,Patna,P011,Office Supplies,Pen Set,3.0,786.92,2024,2024Q4,2024-10-01
ORD0153,2024-12-13,R03,East,Jharkhand,Ranchi,P006,Technology,Printer,4.0,54021.96,2024,2024Q4,2024-10-01
ORD0449,2024-12-13,R01,North,Haryana,Gurugram,P009,Furniture,Bookshelf,7.0,55459.8,2024,2024Q4,2024-10-01
ORD0151,2024-12-14,R02,South,Telangana,Hyderabad,P010,Office Supplies,Notebook,7.0,3280.72,2024,2024Q4,2024-10-01
ORD0983,2024-12-15,R01,North,Delhi,New Delhi,P011,Office Supplies,Pen Set,4.0,1206.95,2024,2024Q4,2024-10-01
ORD0523,2024-12-16,R03,East,Odisha,Bhubaneswar,P006,Technology,Printer,3.0,42211.58,2024,2024Q4,2024-10-01
ORD0555,2024-12-18,R01,North,Punjab,Ludhiana,P012,Office Supplies,File Folder,7.0,1432.51,2024,2024Q4,2024-10-01
ORD0943,2024-12-19,R03,East,Odisha,Bhubaneswar,P008,Furniture,Office Desk,7.0,116763.47,2024,2024Q4,2024-10-01
ORD0160,2024-12-21,R03,East,Jharkhand,Ranchi,P009,Furniture,Bookshelf,6.0,47399.71,2024,2024Q4,2024-10-01
ORD0212,2024-12-21,R01,North,Uttar Pradesh,Lucknow,P011,Office Supplies,Pen Set,3.0,923.89,2024,2024Q4,2024-10-01
ORD0248,2024-12-21,R02,South,Tamil Nadu,Chennai,P010,Office Supplies,Notebook,5.0,34963.75,2024,2024Q4,2024-10-01
ORD0752,2024-12-21,R01,North,Haryana,Gurugram,P010,Office Supplies,Notebook,5.0,1897.49,2024,2024Q4,2024-10-01
ORD0200,2024-12-23,R01,North,Punjab,Ludhiana,P002,Technology,Smartphone,6.0,196786.1675,2024,2024Q4,2024-10-01
ORD0927,2024-12-25,R01,North,Delhi,New Delhi,P002,Technology,Smartphone,3.0,103204.44,2024,2024Q4,2024-10-01
ORD0030,2024-12-27,R04,West,Gujarat,Ahmedabad,P009,Furniture,Bookshelf,4.0,36097.76,2024,2024Q4,2024-10-01
ORD0360,2024-12-29,R01,North,Haryana,Gurugram,P007,Furniture,Office Chair,7.0,82396.08,2024,2024Q4,2024-10-01
ORD0990,2025-01-01,R04,West,Maharashtra,Mumbai,P012,Office Supplies,File Folder,1.0,191.89,2025,2025Q1,2025-01-01
ORD0202,2025-01-04,R01,North,Uttar Pradesh,Lucknow,P002,Technology,Smartphone,5.0,133953.21,2025,2025Q1,2025-01-01
ORD0965,2025-01-06,R04,West,Maharashtra,Mumbai,P006,Technology,Printer,5.0,61959.42,2025,2025Q1,2025-01-01
ORD0761,2025-01-07,R02,South,Tamil Nadu,Chennai,P012,Office Supplies,File Folder,6.0,1186.13,2025,2025Q1,2025-01-01
ORD0227,2025-01-08,R04,West,Maharashtra,Mumbai,P008,Furniture,Office Desk,4.0,57901.43,2025,2025Q1,2025-01-01
ORD0804,2025-01-08,R04,West,Goa,Panaji,P008,Furniture,Office Desk,2.0,33341.34,2025,2025Q1,2025-01-01
ORD0477,2025-01-09,R03,East,West Bengal,Kolkata,P006,Technology,Printer,4.0,41210.79,2025,2025Q1,2025-01-01
ORD0814,2025-01-09,R02,South,Telangana,Hyderabad,P006,Technology,Printer,1.0,14807.1,2025,2025Q1,2025-01-01
ORD0915,2025-01-09,R01,North,Uttar Pradesh,Lucknow,P006,Technology,Printer,7.0,81449.9,2025,2025Q1,2025-01-01
ORD0931,2025-01-11,R03,East,Bihar,Patna,P007,Furniture,Office Chair,6.0,48352.1,2025,2025Q1,2025-01-01
ORD0857,2025-01-12,R01,North,Haryana,Gurugram,P007,Furniture,Office Chair,1.0,10036.16,2025,2025Q1,2025-01-01
ORD0882,2025-01-14,R02,South,Telangana,Hyderabad,P006,Technology,Printer,1.0,12839.42,2025,2025Q1,2025-01-01
ORD0286,2025-01-16,R02,South,Karnataka,Bengaluru,P010,Office Supplies,Notebook,6.0,2496.35,2025,2025Q1,2025-01-01
ORD0247,2025-01-17,R01,North,Uttar Pradesh,Lucknow,P012,Office Supplies,File Folder,3.0,501.79,2025,2025Q1,2025-01-01
ORD0479,2025-01-17,R04,West,Gujarat,Ahmedabad,P007,Furniture,Office Chair,2.0,18363.29,2025,2025Q1,2025-01-01
ORD0102,2025-01-20,R04,West,Maharashtra,Mumbai,P011,Office Supplies,Pen Set,2.0,585.42,2025,2025Q1,2025-01-01
ORD0505,2025-01-21,R02,South,Karnataka,Bengaluru,P001,Technology,Laptop,5.0,196786.1675,2025,2025Q1,2025-01-01
ORD0923,2025-01-21,R03,East,Odisha,Bhubaneswar,P005,Technology,Keyboard,1.0,2322.14,2025,2025Q1,2025-01-01
ORD0475,2025-01-23,R03,East,Jharkhand,Ranchi,P004,Technology,Monitor,1.0,13134.03,2025,2025Q1,2025-01-01
ORD0995,2025-01-23,R01,North,Punjab,Ludhiana,P002,Technology,Smartphone,4.0,119197.95,2025,2025Q1,2025-01-01
ORD0144,2025-01-25,R02,South,Kerala,Kochi,P010,Office Supplies,Notebook,6.0,2335.54,2025,2025Q1,2025-01-01
ORD0447,2025-01-25,R02,South,Telangana,Hyderabad,P011,Office Supplies,Pen Set,3.0,867.02,2025,2025Q1,2025-01-01
ORD0502,2025-01-25,R01,North,Haryana,Gurugram,P011,Office Supplies,Pen Set,4.0,949.78,2025,2025Q1,2025-01-01
ORD0504,2025-01-26,R01,North,Delhi,New Delhi,P006,Technology,Printer,3.0,38816.59,2025,2025Q1,2025-01-01
ORD0118,2025-01-27,R01,North,Haryana,Gurugram,P007,Furniture,Office Chair,3.0,27658.89,2025,2025Q1,2025-01-01
ORD0315,2025-01-28,R04,West,Maharashtra,Mumbai,P010,Office Supplies,Notebook,4.0,1692.33,2025,2025Q1,2025-01-01
ORD0601,2025-01-28,R03,East,West Bengal,Kolkata,P010,Office Supplies,Notebook,6.0,2072.12,2025,2025Q1,2025-01-01
ORD0563,2025-01-29,R02,South,Tamil Nadu,Chennai,P005,Technology,Keyboard,4.0,11767.9,2025,2025Q1,2025-01-01
ORD0485,2025-01-31,R02,South,Kerala,Kochi,P008,Furniture,Office Desk,4.0,29008.63,2025,2025Q1,2025-01-01
ORD0670,2025-01-31,R02,South,Telangana,Hyderabad,P010,Office Supplies,Notebook,6.0,2252.49,2025,2025Q1,2025-01-01
ORD0562,2025-02-02,R02,South,Tamil Nadu,Chennai,P003,Technology,Tablet,2.0,50235.79,2025,2025Q1,2025-01-01
ORD0795,2025-02-03,R04,West,Rajasthan,Jaipur,P005,Technology,Keyboard,1.0,2731.3,2025,2025Q1,2025-01-01
ORD0217,2025-02-05,R01,North,Uttar Pradesh,Lucknow,P011,Office Supplies,Pen Set,7.0,1919.91,2025,2025Q1,2025-01-01
ORD0313,2025-02-05,R04,West,Maharashtra,Mumbai,P012,Office Supplies,File Folder,1.0,179.55,2025,2025Q1,2025-01-01
ORD0403,2025-02-05,R02,South,Telangana,Hyderabad,P006,Technology,Printer,2.0,29443.54,2025,2025Q1,2025-01-01
ORD0659,2025-02-05,R04,West,Rajasthan,Jaipur,P008,Furniture,Office Desk,4.0,62282.35,2025,2025Q1,2025-01-01
ORD0273,2025-02-06,R02,South,Kerala,Kochi,P006,Technology,Printer,2.0,28651.16,2025,2025Q1,2025-01-01
ORD0268,2025-02-07,R01,North,Punjab,Ludhiana,P005,Technology,Keyboard,7.0,18461.36,2025,2025Q1,2025-01-01
ORD0629,2025-02-08,R01,North,Haryana,Gurugram,P002,Technology,Smartphone,2.0,61921.56,2025,2025Q1,2025-01-01
ORD0492,2025-02-09,R03,East,Bihar,Patna,P001,Technology,Laptop,6.0,196786.1675,2025,2025Q1,2025-01-01
ORD0567,2025-02-10,R03,East,West Bengal,Kolkata,P002,Technology,Smartphone,6.0,152967.37,2025,2025Q1,2025-01-01
ORD0376,2025-02-11,R03,East,Jharkhand,Ranchi,P012,Office Supplies,File Folder,3.0,482.85,2025,2025Q1,2025-01-01
ORD0445,2025-02-11,R03,East,Odisha,Bhubaneswar,P006,Technology,Printer,3.0,33847.32,2025,2025Q1,2025-01-01
ORD0520,2025-02-13,R04,West,Maharashtra,Mumbai,P003,Technology,Tablet,3.0,64639.22,2025,2025Q1,2025-01-01
ORD0068,2025-02-16,R01,North,Punjab,Ludhiana,P001,Technology,Laptop,1.0,62217.32,2025,2025Q1,2025-01-01
ORD0131,2025-02-16,R04,West,Gujarat,Ahmedabad,P005,Technology,Keyboard,2.0,5573.8,2025,2025Q1,2025-01-01
ORD0165,2025-02-16,R04,West,Goa,Panaji,P004,Technology,Monitor,5.0,85305.04,2025,2025Q1,2025-01-01
ORD0135,2025-02-18,R02,South,Karnataka,Bengaluru,P002,Technology,Smartphone,2.0,66773.6,2025,2025Q1,2025-01-01
ORD0281,2025-02-18,R03,East,Odisha,Bhubaneswar,P002,Technology,Smartphone,6.0,141946.32,2025,2025Q1,2025-01-01
ORD0150,2025-02-20,R03,East,Bihar,Patna,P008,Furniture,Office Desk,7.0,94682.33,2025,2025Q1,2025-01-01
ORD0811,2025-02-20,R04,West,Goa,Panaji,P007,Furniture,Office Chair,7.0,65725.52,2025,2025Q1,2025-01-01
ORD0521,2025-02-21,R02,South,Kerala,Kochi,P003,Technology,Tablet,5.0,113726.78,2025,2025Q1,2025-01-01
ORD0657,2025-02-21,R03,East,West Bengal,Kolkata,P006,Technology,Printer,4.0,43891.76,2025,2025Q1,2025-01-01
ORD0368,2025-02-22,R03,East,Jharkhand,Ranchi,P003,Technology,Tablet,7.0,130469.56,2025,2025Q1,2025-01-01
ORD0855,2025-02-23,R03,East,West Bengal,Kolkata,P010,Office Supplies,Notebook,1.0,342.42,2025,2025Q1,2025-01-01
ORD0928,2025-02-24,R02,South,Telangana,Hyderabad,P009,Furniture,Bookshelf,7.0,57502.78,2025,2025Q1,2025-01-01
ORD0373,2025-02-25,R04,West,Gujarat,Ahmedabad,P006,Technology,Printer,1.0,14591.97,2025,2025Q1,2025-01-01
ORD1000,2025-02-26,R01,North,Uttar Pradesh,Lucknow,P006,Technology,Printer,3.0,35942.68,2025,2025Q1,2025-01-01
ORD0387,2025-02-27,R02,South,Karnataka,Bengaluru,P005,Technology,Keyboard,2.0,5859.65,2025,2025Q1,2025-01-01
ORD0954,2025-02-28,R03,East,West Bengal,Kolkata,P001,Technology,Laptop,4.0,196786.1675,2025,2025Q1,2025-01-01
ORD0553,2025-03-01,R01,North,Punjab,Ludhiana,P002,Technology,Smartphone,7.0,196786.1675,2025,2025Q1,2025-01-01
ORD0058,2025-03-03,R03,East,Jharkhand,Ranchi,P002,Technology,Smartphone,1.0,25003.57,2025,2025Q1,2025-01-01
ORD0518,2025-03-06,R02,South,Telangana,Hyderabad,P007,Furniture,Office Chair,7.0,69204.06,2025,2025Q1,2025-01-01
ORD0618,2025-03-07,R03,East,Odisha,Bhubaneswar,P005,Technology,Keyboard,4.0,9810.93,2025,2025Q1,2025-01-01
ORD0858,2025-03-08,R04,West,Gujarat,Ahmedabad,P010,Office Supplies,Notebook,4.0,1546.28,2025,2025Q1,2025-01-01
ORD0406,2025-03-09,R01,North,Uttar Pradesh,Lucknow,P007,Furniture,Office Chair,6.0,50650.98,2025,2025Q1,2025-01-01
ORD0895,2025-03-09,R04,West,Gujarat,Ahmedabad,P004,Technology,Monitor,6.0,94993.34,2025,2025Q1,2025-01-01
ORD0906,2025-03-09,R03,East,West Bengal,Kolkata,P004,Technology,Monitor,4.0,62427.62,2025,2025Q1,2025-01-01
ORD0040,2025-03-11,R02,South,Tamil Nadu,Chennai,P008,Furniture,Office Desk,6.0,102313.1,2025,2025Q1,2025-01-01
ORD0322,2025-03-11,R04,West,Goa,Panaji,P012,Office Supplies,File Folder,3.0,567.13,2025,2025Q1,2025-01-01
ORD0339,2025-03-11,R02,South,Kerala,Kochi,P004,Technology,Monitor,7.0,111529.69,2025,2025Q1,2025-01-01
ORD0517,2025-03-11,R02,South,Tamil Nadu,Chennai,P012,Office Supplies,File Folder,4.0,34963.75,2025,2025Q1,2025-01-01
ORD0197,2025-03-15,R04,West,Maharashtra,Mumbai,P005,Technology,Keyboard,6.0,15714.77,2025,2025Q1,2025-01-01
ORD0371,2025-03-15,R02,South,Telangana,Hyderabad,P001,Technology,Laptop,5.0,196786.1675,2025,2025Q1,2025-01-01
ORD0169,2025-03-16,R04,West,Goa,Panaji,P009,Furniture,Bookshelf,5.0,34963.75,2025,2025Q1,2025-01-01
ORD0443,2025-03-16,R01,North,Punjab,Ludhiana,P010,Office Supplies,Notebook,5.0,1910.61,2025,2025Q1,2025-01-01
ORD0002,2025-03-17,R01,North,Punjab,Ludhiana,P012,Office Supplies,File Folder,6.0,1181.94,2025,2025Q1,2025-01-01
ORD0070,2025-03-17,R02,South,Telangana,Hyderabad,P007,Furniture,Office Chair,7.0,75346.35,2025,2025Q1,2025-01-01
ORD0584,2025-03-17,R04,West,Gujarat,Ahmedabad,P002,Technology,Smartphone,3.0,95414.54,2025,2025Q1,2025-01-01
ORD0095,2025-03-19,R04,West,Rajasthan,Jaipur,P006,Technology,Printer,3.0,42951.5,2025,2025Q1,2025-01-01
ORD0404,2025-03-19,R04,West,Rajasthan,Jaipur,P005,Technology,Keyboard,6.0,15339.4,2025,2025Q1,2025-01-01
ORD0509,2025-03-19,R02,South,Telangana,Hyderabad,P006,Technology,Printer,1.0,14743.03,2025,2025Q1,2025-01-01
ORD0556,2025-03-19,R02,South,Kerala,Kochi,P006,Technology,Printer,3.0,38849.66,2025,2025Q1,2025-01-01
ORD0101,2025-03-20,R02,South,Kerala,Kochi,P012,Office Supplies,File Folder,6.0,1098.1,2025,2025Q1,2025-01-01
ORD0233,2025-03-21,R03,East,Bihar,Patna,P009,Furniture,Bookshelf,3.0,18553.67,2025,2025Q1,2025-01-01
ORD0231,2025-03-25,R01,North,Uttar Pradesh,Lucknow,P011,Office Supplies,Pen Set,5.0,1299.63,2025,2025Q1,2025-01-01
ORD0877,2025-03-25,R03,East,West Bengal,Kolkata,P007,Furniture,Office Chair,4.0,34933.23,2025,2025Q1,2025-01-01
ORD0746,2025-03-26,R03,East,Jharkhand,Ranchi,P004,Technology,Monitor,1.0,14880.6,2025,2025Q1,2025-01-01
ORD0266,2025-03-28,R04,West,Rajasthan,Jaipur,P008,Furniture,Office Desk,2.0,32497.79,2025,2025Q1,2025-01-01
ORD0291,2025-03-29,R01,North,Haryana,Gurugram,P008,Furniture,Office Desk,6.0,83145.85,2025,2025Q1,2025-01-01
ORD0625,2025-03-29,R03,East,Bihar,Patna,P003,Technology,Tablet,6.0,119951.41,2025,2025Q1,2025-01-01
ORD0859,2025-03-30,R04,West,Gujarat,Ahmedabad,P003,Technology,Tablet,1.0,24321.38,2025,2025Q1,2025-01-01
ORD0718,2025-04-02,R04,West,Maharashtra,Mumbai,P001,Technology,Laptop,5.0,196786.1675,2025,2025Q2,2025-04-01
ORD0382,2025-04-03,R03,East,Jharkhand,Ranchi,P003,Technology,Tablet,3.0,54934.85,2025,2025Q2,2025-04-01
ORD0606,2025-04-03,R01,North,Delhi,New Delhi,P003,Technology,Tablet,6.0,114123.5,2025,2025Q2,2025-04-01
ORD0062,2025-04-05,R03,East,Jharkhand,Ranchi,P011,Office Supplies,Pen Set,5.0,1025.44,2025,2025Q2,2025-04-01
ORD0304,2025-04-07,R03,East,West Bengal,Kolkata,P005,Technology,Keyboard,2.0,4201.36,2025,2025Q2,2025-04-01
ORD0326,2025-04-10,R01,North,Uttar Pradesh,Lucknow,P007,Furniture,Office Chair,6.0,48476.03,2025,2025Q2,2025-04-01
ORD0709,2025-04-11,R02,South,Tamil Nadu,Chennai,P010,Office Supplies,Notebook,5.0,1844.49,2025,2025Q2,2025-04-01
ORD0976,2025-04-11,R01,North,Punjab,Ludhiana,P010,Office Supplies,Notebook,5.0,1669.59,2025,2025Q2,2025-04-01
ORD0163,2025-04-12,R03,East,Bihar,Patna,P001,Technology,Laptop,3.0,177128.03,2025,2025Q2,2025-04-01
ORD0296,2025-04-12,R04,West,Goa,Panaji,P002,Technology,Smartphone,1.0,26117.72,2025,2025Q2,2025-04-01
ORD0392,2025-04-13,R04,West,Gujarat,Ahmedabad,P006,Technology,Printer,1.0,11221.19,2025,2025Q2,2025-04-01
ORD0960,2025-04-13,R03,East,Jharkhand,Ranchi,P001,Technology,Laptop,6.0,196786.1675,2025,2025Q2,2025-04-01
ORD0579,2025-04-15,R02,South,Tamil Nadu,Chennai,P003,Technology,Tablet,3.0,64337.0,2025,2025Q2,2025-04-01
ORD0913,2025-04-15,R02,South,Karnataka,Bengaluru,P011,Office Supplies,Pen Set,3.0,718.2,2025,2025Q2,2025-04-01
ORD0914,2025-04-15,R02,South,Kerala,Kochi,P003,Technology,Tablet,3.0,61331.48,2025,2025Q2,2025-04-01
ORD0592,2025-04-16,R03,East,Jharkhand,Ranchi,P009,Furniture,Bookshelf,2.0,11500.27,2025,2025Q2,2025-04-01
ORD0507,2025-04-18,R02,South,Karnataka,Bengaluru,P005,Technology,Keyboard,6.0,14923.83,2025,2025Q2,2025-04-01
ORD0544,2025-04-20,R02,South,Tamil Nadu,Chennai,P002,Technology,Smartphone,3.0,87088.47,2025,2025Q2,2025-04-01
ORD0589,2025-04-21,R01,North,Haryana,Gurugram,P007,Furniture,Office Chair,3.0,27237.46,2025,2025Q2,2025-04-01
ORD0081,2025-04-24,R04,West,Goa,Panaji,P006,Technology,Printer,3.0,37923.07,2025,2025Q2,2025-04-01
ORD0133,2025-04-24,R04,West,Gujarat,Ahmedabad,P004,Technology,Monitor,5.0,83874.9,2025,2025Q2,2025-04-01
ORD0395,2025-04-24,R04,West,Maharashtra,Mumbai,P011,Office Supplies,Pen Set,7.0,1898.84,2025,2025Q2,2025-04-01
ORD0554,2025-04-24,R04,West,Gujarat,Ahmedabad,P006,Technology,Printer,7.0,79924.56,2025,2025Q2,2025-04-01
ORD0022,2025-04-25,R01,North,Delhi,New Delhi,P002,Technology,Smartphone,6.0,157905.49,2025,2025Q2,2025-04-01
ORD0626,2025-04-26,R01,North,Punjab,Ludhiana,P009,Furniture,Bookshelf,7.0,49771.09,2025,2025Q2,2025-04-01
ORD0907,2025-04-30,R03,East,Odisha,Bhubaneswar,P007,Furniture,Office Chair,7.0,54664.57,2025,2025Q2,2025-04-01
ORD0184,2025-05-02,R01,North,Punjab,Ludhiana,P005,Technology,Keyboard,1.0,2471.75,2025,2025Q2,2025-04-01
ORD0429,2025-05-04,R04,West,Gujarat,Ahmedabad,P011,Office Supplies,Pen Set,3.0,796.95,2025,2025Q2,2025-04-01
ORD0446,2025-05-06,R01,North,Haryana,Gurugram,P010,Office Supplies,Notebook,2.0,613.38,2025,2025Q2,2025-04-01
ORD0790,2025-05-07,R01,North,Uttar Pradesh,Lucknow,P001,Technology,Laptop,7.0,196786.1675,2025,2025Q2,2025-04-01
ORD0077,2025-05-09,R04,West,Goa,Panaji,P006,Technology,Printer,3.0,38776.63,2025,2025Q2,2025-04-01
ORD0091,2025-05-11,R04,West,Goa,Panaji,P002,Technology,Smartphone,1.0,25575.55,2025,2025Q2,2025-04-01
ORD0892,2025-05-11,R04,West,Gujarat,Ahmedabad,P010,Office Supplies,Notebook,7.0,2449.51,2025,2025Q2,2025-04-01
ORD0577,2025-05-12,R02,South,Tamil Nadu,Chennai,P004,Technology,Monitor,4.0,64434.65,2025,2025Q2,2025-04-01
ORD0027,2025-05-14,R04,West,Gujarat,Ahmedabad,P009,Furniture,Bookshelf,4.0,26705.0,2025,2025Q2,2025-04-01
ORD0516,2025-05-14,R04,West,Goa,Panaji,P004,Technology,Monitor,4.0,58500.27,2025,2025Q2,2025-04-01
ORD0853,2025-05-14,R02,South,Kerala,Kochi,P002,Technology,Smartphone,5.0,131688.02,2025,2025Q2,2025-04-01
ORD0183,2025-05-16,R02,South,Karnataka,Bengaluru,P007,Furniture,Office Chair,3.0,24897.94,2025,2025Q2,2025-04-01
ORD0341,2025-05-16,R03,East,West Bengal,Kolkata,P005,Technology,Keyboard,5.0,9406.3,2025,2025Q2,2025-04-01
ORD0033,2025-05-19,R01,North,Delhi,New Delhi,P008,Furniture,Office Desk,2.0,30030.93,2025,2025Q2,2025-04-01
ORD0142,2025-05-20,R03,East,Odisha,Bhubaneswar,P009,Furniture,Bookshelf,4.0,31742.97,2025,2025Q2,2025-04-01
ORD0739,2025-05-21,R01,North,Haryana,Gurugram,P011,Office Supplies,Pen Set,4.0,914.01,2025,2025Q2,2025-04-01
ORD0251,2025-05-24,R01,North,Haryana,Gurugram,P006,Technology,Printer,1.0,10950.09,2025,2025Q2,2025-04-01
ORD0831,2025-05-24,R01,North,Uttar Pradesh,Lucknow,P006,Technology,Printer,5.0,63124.81,2025,2025Q2,2025-04-01
ORD0320,2025-05-25,R01,North,Uttar Pradesh,Lucknow,P002,Technology,Smartphone,7.0,189380.34,2025,2025Q2,2025-04-01
ORD0614,2025-05-25,R03,East,Odisha,Bhubaneswar,P010,Office Supplies,Notebook,5.0,1475.45,2025,2025Q2,2025-04-01
ORD0501,2025-05-27,R04,West,Maharashtra,Mumbai,P006,Technology,Printer,7.0,90693.62,2025,2025Q2,2025-04-01
ORD0566,2025-05-27,R03,East,Bihar,Patna,P012,Office Supplies,File Folder,4.0,548.71,2025,2025Q2,2025-04-01
ORD0678,2025-05-28,R01,North,Punjab,Ludhiana,P008,Furniture,Office Desk,7.0,90903.97,2025,2025Q2,2025-04-01
ORD0380,2025-05-29,R01,North,Delhi,New Delhi,P012,Office Supplies,File Folder,2.0,318.73,2025,2025Q2,2025-04-01
ORD0539,2025-05-29,R04,West,Rajasthan,Jaipur,P010,Office Supplies,Notebook,5.0,1892.7,2025,2025Q2,2025-04-01
ORD0781,2025-05-29,R01,North,Uttar Pradesh,Lucknow,P004,Technology,Monitor,3.0,45039.57,2025,2025Q2,2025-04-01
ORD0219,2025-06-01,R04,West,Goa,Panaji,P005,Technology,Keyboard,6.0,17743.3,2025,2025Q2,2025-04-01
ORD0262,2025-06-01,R01,North,Uttar Pradesh,Lucknow,P004,Technology,Monitor,2.0,34963.75,2025,2025Q2,2025-04-01
ORD0835,2025-06-03,R02,South,Kerala,Kochi,P011,Office Supplies,Pen Set,3.0,837.02,2025,2025Q2,2025-04-01
ORD0105,2025-06-04,R01,North,Uttar Pradesh,Lucknow,P010,Office Supplies,Notebook,2.0,785.64,2025,2025Q2,2025-04-01
ORD0631,2025-06-04,R01,North,Haryana,Gurugram,P007,Furniture,Office Chair,3.0,28579.77,2025,2025Q2,2025-04-01
ORD0699,2025-06-04,R03,East,West Bengal,Kolkata,P012,Office Supplies,File Folder,6.0,998.76,2025,2025Q2,2025-04-01
ORD0945,2025-06-05,R03,East,Bihar,Patna,P001,Technology,Laptop,6.0,196786.1675,2025,2025Q2,2025-04-01
ORD0930,2025-06-07,R03,East,Odisha,Bhubaneswar,P010,Office Supplies,Notebook,7.0,2215.02,2025,2025Q2,2025-04-01
ORD0780,2025-06-08,R01,North,Uttar Pradesh,Lucknow,P009,Furniture,Bookshelf,2.0,13709.14,2025,2025Q2,2025-04-01
ORD0801,2025-06-09,R04,West,Gujarat,Ahmedabad,P012,Office Supplies,File Folder,7.0,1419.13,2025,2025Q2,2025-04-01
ORD0885,2025-06-09,R01,North,Punjab,Ludhiana,P008,Furniture,Office Desk,2.0,28597.59,2025,2025Q2,2025-04-01
ORD0111,2025-06-10,R04,West,Gujarat,Ahmedabad,P002,Technology,Smartphone,6.0,171001.6,2025,2025Q2,2025-04-01
ORD0796,2025-06-12,R04,West,Goa,Panaji,P004,Technology,Monitor,4.0,64850.52,2025,2025Q2,2025-04-01
ORD0868,2025-06-13,R02,South,Telangana,Hyderabad,P012,Office Supplies,File Folder,4.0,790.71,2025,2025Q2,2025-04-01
ORD0093,2025-06-14,R02,South,Kerala,Kochi,P011,Office Supplies,Pen Set,6.0,1583.2,2025,2025Q2,2025-04-01
ORD0246,2025-06-14,R04,West,Maharashtra,Mumbai,P010,Office Supplies,Notebook,6.0,2275.09,2025,2025Q2,2025-04-01
ORD0649,2025-06-15,R03,East,Jharkhand,Ranchi,P002,Technology,Smartphone,3.0,83230.31,2025,2025Q2,2025-04-01
ORD0805,2025-06-15,R02,South,Kerala,Kochi,P001,Technology,Laptop,2.0,139100.69,2025,2025Q2,2025-04-01
ORD0986,2025-06-17,R01,North,Uttar Pradesh,Lucknow,P003,Technology,Tablet,2.0,46398.12,2025,2025Q2,2025-04-01
ORD0019,2025-06-19,R04,West,Maharashtra,Mumbai,P003,Technology,Tablet,1.0,22854.85,2025,2025Q2,2025-04-01
ORD0580,2025-06-22,R01,North,Delhi,New Delhi,P010,Office Supplies,Notebook,4.0,1573.99,2025,2025Q2,2025-04-01
ORD0076,2025-06-24,R04,West,Rajasthan,Jaipur,P002,Technology,Smartphone,4.0,122548.09,2025,2025Q2,2025-04-01
ORD0837,2025-06-27,R02,South,Karnataka,Bengaluru,P009,Furniture,Bookshelf,6.0,47572.95,2025,2025Q2,2025-04-01
ORD0013,2025-07-01,R03,East,Bihar,Patna,P002,Technology,Smartphone,2.0,45441.63,2025,2025Q3,2025-07-01
ORD0423,2025-07-01,R03,East,Jharkhand,Ranchi,P005,Technology,Keyboard,6.0,14862.07,2025,2025Q3,2025-07-01
ORD0583,2025-07-01,R03,East,Odisha,Bhubaneswar,P006,Technology,Printer,5.0,55287.1,2025,2025Q3,2025-07-01
ORD0942,2025-07-02,R01,North,Haryana,Gurugram,P010,Office Supplies,Notebook,4.0,1391.07,2025,2025Q3,2025-07-01
ORD0242,2025-07-03,R04,West,Maharashtra,Mumbai,P006,Technology,Printer,7.0,88450.76,2025,2025Q3,2025-07-01
ORD0622,2025-07-05,R04,West,Goa,Panaji,P005,Technology,Keyboard,6.0,17440.84,2025,2025Q3,2025-07-01
ORD0074,2025-07-06,R04,West,Rajasthan,Jaipur,P002,Technology,Smartphone,6.0,196786.1675,2025,2025Q3,2025-07-01
ORD0974,2025-07-09,R02,South,Kerala,Kochi,P007,Furniture,Office Chair,7.0,71823.75,2025,2025Q3,2025-07-01
ORD0141,2025-07-10,R01,North,Haryana,Gurugram,P003,Technology,Tablet,6.0,140061.89,2025,2025Q3,2025-07-01
ORD0905,2025-07-10,R02,South,Karnataka,Bengaluru,P002,Technology,Smartphone,3.0,102761.94,2025,2025Q3,2025-07-01
ORD0012,2025-07-11,R04,West,Gujarat,Ahmedabad,P010,Office Supplies,Notebook,3.0,1092.53,2025,2025Q3,2025-07-01
ORD0881,2025-07-11,R02,South,Kerala,Kochi,P011,Office Supplies,Pen Set,1.0,270.55,2025,2025Q3,2025-07-01
ORD0137,2025-07-12,R01,North,Punjab,Ludhiana,P006,Technology,Printer,3.0,35098.61,2025,2025Q3,2025-07-01
ORD0682,2025-07-12,R01,North,Haryana,Gurugram,P009,Furniture,Bookshelf,6.0,39844.02,2025,2025Q3,2025-07-01
ORD0717,2025-07-12,R02,South,Telangana,Hyderabad,P002,Technology,Smartphone,3.0,94481.35,2025,2025Q3,2025-07-01
ORD0765,2025-07-13,R03,East,West Bengal,Kolkata,P002,Technology,Smartphone,2.0,48352.64,2025,2025Q3,2025-07-01
ORD0454,2025-07-15,R04,West,Goa,Panaji,P003,Technology,Tablet,6.0,145421.98,2025,2025Q3,2025-07-01
ORD0060,2025-07-17,R02,South,Kerala,Kochi,P010,Office Supplies,Notebook,1.0,355.74,2025,2025Q3,2025-07-01
ORD0269,2025-07-17,R02,South,Tamil Nadu,Chennai,P012,Office Supplies,File Folder,6.0,1153.41,2025,2025Q3,2025-07-01
ORD0328,2025-07-17,R01,North,Punjab,Ludhiana,P012,Office Supplies,File Folder,3.0,607.67,2025,2025Q3,2025-07-01
ORD0598,2025-07-19,R04,West,Maharashtra,Mumbai,P001,Technology,Laptop,5.0,196786.1675,2025,2025Q3,2025-07-01
ORD0648,2025-07-25,R02,South,Tamil Nadu,Chennai,P005,Technology,Keyboard,6.0,18092.06,2025,2025Q3,2025-07-01
ORD0750,2025-07-25,R03,East,West Bengal,Kolkata,P003,Technology,Tablet,7.0,127730.65,2025,2025Q3,2025-07-01
ORD0016,2025-07-26,R03,East,Bihar,Patna,P006,Technology,Printer,4.0,48073.49,2025,2025Q3,2025-07-01
ORD0932,2025-07-26,R04,West,Goa,Panaji,P010,Office Supplies,Notebook,7.0,2526.3,2025,2025Q3,2025-07-01
ORD0005,2025-07-29,R03,East,Jharkhand,Ranchi,P001,Technology,Laptop,6.0,196786.1675,2025,2025Q3,2025-07-01
ORD0938,2025-07-29,R02,South,Kerala,Kochi,P003,Technology,Tablet,1.0,24503.39,2025,2025Q3,2025-07-01
ORD0359,2025-07-31,R01,North,Haryana,Gurugram,P002,Technology,Smartphone,2.0,63669.49,2025,2025Q3,2025-07-01
ORD0542,2025-08-01,R04,West,Maharashtra,Mumbai,P004,Technology,Monitor,7.0,120199.6,2025,2025Q3,2025-07-01
ORD0199,2025-08-02,R02,South,Telangana,Hyderabad,P001,Technology,Laptop,1.0,69800.11,2025,2025Q3,2025-07-01
ORD0825,2025-08-02,R04,West,Goa,Panaji,P006,Technology,Printer,4.0,48914.57,2025,2025Q3,2025-07-01
ORD0519,2025-08-03,R02,South,Karnataka,Bengaluru,P011,Office Supplies,Pen Set,3.0,838.83,2025,2025Q3,2025-07-01
ORD0104,2025-08-04,R01,North,Punjab,Ludhiana,P011,Office Supplies,Pen Set,1.0,243.01,2025,2025Q3,2025-07-01
ORD0189,2025-08-04,R02,South,Telangana,Hyderabad,P006,Technology,Printer,5.0,65327.32,2025,2025Q3,2025-07-01
ORD0594,2025-08-05,R02,South,Telangana,Hyderabad,P004,Technology,Monitor,3.0,49261.72,2025,2025Q3,2025-07-01
ORD0166,2025-08-07,R02,South,Kerala,Kochi,P011,Office Supplies,Pen Set,2.0,505.26,2025,2025Q3,2025-07-01
ORD0647,2025-08-08,R01,North,Punjab,Ludhiana,P006,Technology,Printer,3.0,35821.83,2025,2025Q3,2025-07-01
ORD0749,2025-08-08,R02,South,Telangana,Hyderabad,P007,Furniture,Office Chair,4.0,39759.79,2025,2025Q3,2025-07-01
ORD0725,2025-08-09,R04,West,Gujarat,Ahmedabad,P003,Technology,Tablet,5.0,117899.3,2025,2025Q3,2025-07-01
ORD0350,2025-08-12,R02,South,Tamil Nadu,Chennai,P011,Office Supplies,Pen Set,4.0,1086.13,2025,2025Q3,2025-07-01
ORD0975,2025-08-13,R02,South,Tamil Nadu,Chennai,P005,Technology,Keyboard,1.0,2591.35,2025,2025Q3,2025-07-01
ORD0731,2025-08-15,R04,West,Rajasthan,Jaipur,P001,Technology,Laptop,2.0,147182.97,2025,2025Q3,2025-07-01
ORD0156,2025-08-17,R04,West,Goa,Panaji,P006,Technology,Printer,7.0,94716.8,2025,2025Q3,2025-07-01
ORD0730,2025-08-19,R02,South,Karnataka,Bengaluru,P011,Office Supplies,Pen Set,1.0,290.39,2025,2025Q3,2025-07-01
ORD0098,2025-08-20,R01,North,Haryana,Gurugram,P011,Office Supplies,Pen Set,5.0,1181.7,2025,2025Q3,2025-07-01
ORD0237,2025-08-21,R02,South,Tamil Nadu,Chennai,P003,Technology,Tablet,5.0,131562.53,2025,2025Q3,2025-07-01
ORD0848,2025-08-21,R02,South,Tamil Nadu,Chennai,P004,Technology,Monitor,1.0,18545.11,2025,2025Q3,2025-07-01
ORD0143,2025-08-23,R02,South,Kerala,Kochi,P007,Furniture,Office Chair,3.0,32247.82,2025,2025Q3,2025-07-01
ORD0338,2025-08-23,R02,South,Tamil Nadu,Chennai,P002,Technology,Smartphone,6.0,196786.1675,2025,2025Q3,2025-07-01
ORD0628,2025-08-23,R02,South,Telangana,Hyderabad,P008,Furniture,Office Desk,4.0,63311.83,2025,2025Q3,2025-07-01
ORD0998,2025-08-23,R04,West,Gujarat,Ahmedabad,P012,Office Supplies,File Folder,7.0,1351.38,2025,2025Q3,2025-07-01
ORD0065,2025-08-24,R04,West,Goa,Panaji,P002,Technology,Smartphone,1.0,31170.65,2025,2025Q3,2025-07-01
ORD0448,2025-08-24,R04,West,Goa,Panaji,P001,Technology,Laptop,6.0,196786.1675,2025,2025Q3,2025-07-01
ORD0918,2025-08-25,R02,South,Tamil Nadu,Chennai,P007,Furniture,Office Chair,3.0,30721.13,2025,2025Q3,2025-07-01
ORD0345,2025-08-27,R03,East,Jharkhand,Ranchi,P011,Office Supplies,Pen Set,5.0,1118.68,2025,2025Q3,2025-07-01
ORD0712,2025-08-29,R01,North,Haryana,Gurugram,P008,Furniture,Office Desk,2.0,27039.85,2025,2025Q3,2025-07-01
ORD0966,2025-08-30,R02,South,Telangana,Hyderabad,P001,Technology,Laptop,5.0,196786.1675,2025,2025Q3,2025-07-01
ORD0588,2025-08-31,R01,North,Haryana,Gurugram,P001,Technology,Laptop,4.0,72121.05,2025,2025Q3,2025-07-01
ORD0929,2025-08-31,R04,West,Rajasthan,Jaipur,P010,Office Supplies,Notebook,6.0,2456.52,2025,2025Q3,2025-07-01
ORD0071,2025-09-01,R01,North,Haryana,Gurugram,P003,Technology,Tablet,2.0,42854.35,2025,2025Q3,2025-07-01
ORD0559,2025-09-01,R01,North,Uttar Pradesh,Lucknow,P012,Office Supplies,File Folder,6.0,1203.81,2025,2025Q3,2025-07-01
ORD0590,2025-09-01,R02,South,Tamil Nadu,Chennai,P007,Furniture,Office Chair,7.0,64658.88,2025,2025Q3,2025-07-01
ORD0838,2025-09-02,R04,West,Gujarat,Ahmedabad,P005,Technology,Keyboard,1.0,2498.96,2025,2025Q3,2025-07-01
ORD0174,2025-09-03,R01,North,Punjab,Ludhiana,P004,Technology,Monitor,7.0,116124.87,2025,2025Q3,2025-07-01
ORD0049,2025-09-04,R01,North,Delhi,New Delhi,P010,Office Supplies,Notebook,2.0,670.76,2025,2025Q3,2025-07-01
ORD0258,2025-09-07,R03,East,Odisha,Bhubaneswar,P005,Technology,Keyboard,4.0,9525.17,2025,2025Q3,2025-07-01
ORD0195,2025-09-09,R03,East,Odisha,Bhubaneswar,P002,Technology,Smartphone,6.0,164537.07,2025,2025Q3,2025-07-01
ORD0571,2025-09-10,R02,South,Tamil Nadu,Chennai,P003,Technology,Tablet,3.0,76580.74,2025,2025Q3,2025-07-01
ORD0575,2025-09-12,R03,East,Bihar,Patna,P001,Technology,Laptop,1.0,62038.6,2025,2025Q3,2025-07-01
ORD0617,2025-09-12,R01,North,Delhi,New Delhi,P009,Furniture,Bookshelf,6.0,44149.21,2025,2025Q3,2025-07-01
ORD0683,2025-09-12,R02,South,Kerala,Kochi,P011,Office Supplies,Pen Set,1.0,265.57,2025,2025Q3,2025-07-01
ORD0389,2025-09-14,R02,South,Telangana,Hyderabad,P005,Technology,Keyboard,2.0,5873.42,2025,2025Q3,2025-07-01
ORD0623,2025-09-14,R01,North,Uttar Pradesh,Lucknow,P008,Furniture,Office Desk,7.0,102336.34,2025,2025Q3,2025-07-01
ORD0130,2025-09-16,R02,South,Tamil Nadu,Chennai,P009,Furniture,Bookshelf,1.0,8331.23,2025,2025Q3,2025-07-01
ORD0374,2025-09-17,R03,East,Bihar,Patna,P010,Office Supplies,Notebook,3.0,983.13,2025,2025Q3,2025-07-01
ORD0934,2025-09-17,R03,East,Bihar,Patna,P007,Furniture,Office Chair,2.0,18054.77,2025,2025Q3,2025-07-01
ORD0337,2025-09-24,R04,West,Rajasthan,Jaipur,P008,Furniture,Office Desk,3.0,46106.01,2025,2025Q3,2025-07-01
ORD0741,2025-09-26,R04,West,Rajasthan,Jaipur,P012,Office Supplies,File Folder,1.0,200.29,2025,2025Q3,2025-07-01
ORD0263,2025-09-27,R04,West,Goa,Panaji,P003,Technology,Tablet,5.0,110301.03,2025,2025Q3,2025-07-01
ORD0666,2025-09-27,R04,West,Rajasthan,Jaipur,P005,Technology,Keyboard,3.0,7728.34,2025,2025Q3,2025-07-01
ORD0767,2025-09-28,R02,South,Tamil Nadu,Chennai,P006,Technology,Printer,3.0,38776.13,2025,2025Q3,2025-07-01
ORD0630,2025-09-29,R01,North,Delhi,New Delhi,P003,Technology,Tablet,4.0,85032.24,2025,2025Q3,2025-07-01
ORD0735,2025-09-29,R02,South,Kerala,Kochi,P002,Technology,Smartphone,2.0,55591.6,2025,2025Q3,2025-07-01
ORD0904,2025-10-01,R03,East,West Bengal,Kolkata,P011,Office Supplies,Pen Set,5.0,1362.06,2025,2025Q4,2025-10-01
ORD0431,2025-10-02,R01,North,Haryana,Gurugram,P003,Technology,Tablet,5.0,132123.51,2025,2025Q4,2025-10-01
ORD0604,2025-10-03,R02,South,Tamil Nadu,Chennai,P007,Furniture,Office Chair,4.0,42060.89,2025,2025Q4,2025-10-01
ORD0084,2025-10-04,R03,East,Bihar,Patna,P011,Office Supplies,Pen Set,1.0,267.85,2025,2025Q4,2025-10-01
ORD0469,2025-10-04,R04,West,Gujarat,Ahmedabad,P012,Office Supplies,File Folder,7.0,1683.32,2025,2025Q4,2025-10-01
ORD0481,2025-06-10,R02,South,Kerala,Kochi,P004,Technology,Monitor,4.0,79270.09,2025,2025Q2,2025-04-01
ORD0092,2025-10-07,R03,East,Bihar,Patna,P006,Technology,Printer,6.0,81325.45,2025,2025Q4,2025-10-01
ORD0609,2025-10-07,R03,East,Odisha,Bhubaneswar,P004,Technology,Monitor,5.0,91952.19,2025,2025Q4,2025-10-01
ORD0719,2025-10-07,R01,North,Haryana,Gurugram,P003,Technology,Tablet,1.0,24456.21,2025,2025Q4,2025-10-01
ORD0827,2025-10-07,R03,East,Odisha,Bhubaneswar,P001,Technology,Laptop,1.0,60924.94,2025,2025Q4,2025-10-01
ORD0008,2025-10-08,R01,North,Punjab,Ludhiana,P009,Furniture,Bookshelf,6.0,54825.77,2025,2025Q4,2025-10-01
ORD0317,2025-10-10,R03,East,Jharkhand,Ranchi,P010,Office Supplies,Notebook,2.0,808.03,2025,2025Q4,2025-10-01
ORD0451,2025-10-10,R03,East,West Bengal,Kolkata,P008,Furniture,Office Desk,1.0,15796.58,2025,2025Q4,2025-10-01
ORD0734,2025-10-10,R03,East,Bihar,Patna,P011,Office Supplies,Pen Set,5.0,1298.66,2025,2025Q4,2025-10-01
ORD0919,2025-10-10,R02,South,Tamil Nadu,Chennai,P005,Technology,Keyboard,6.0,20744.02,2025,2025Q4,2025-10-01
ORD0053,2025-10-13,R01,North,Haryana,Gurugram,P007,Furniture,Office Chair,5.0,54254.83,2025,2025Q4,2025-10-01
ORD0312,2025-10-15,R02,South,Karnataka,Bengaluru,P004,Technology,Monitor,5.0,95652.81,2025,2025Q4,2025-10-01
ORD0645,2025-10-15,R03,East,Jharkhand,Ranchi,P011,Office Supplies,Pen Set,1.0,285.6,2025,2025Q4,2025-10-01
ORD0738,2025-10-16,R04,West,Rajasthan,Jaipur,P011,Office Supplies,Pen Set,2.0,665.01,2025,2025Q4,2025-10-01
ORD0772,2025-10-16,R04,West,Rajasthan,Jaipur,P004,Technology,Monitor,2.0,39735.86,2025,2025Q4,2025-10-01
ORD0087,2025-10-17,R04,West,Goa,Panaji,P010,Office Supplies,Notebook,7.0,2908.23,2025,2025Q4,2025-10-01
ORD0302,2025-10-17,R01,North,Punjab,Ludhiana,P001,Technology,Laptop,5.0,196786.1675,2025,2025Q4,2025-10-01
ORD0342,2025-10-17,R02,South,Telangana,Hyderabad,P007,Furniture,Office Chair,2.0,21192.43,2025,2025Q4,2025-10-01
ORD0624,2025-10-18,R01,North,Uttar Pradesh,Lucknow,P012,Office Supplies,File Folder,7.0,1499.96,2025,2025Q4,2025-10-01
ORD0832,2025-10-18,R03,East,West Bengal,Kolkata,P011,Office Supplies,Pen Set,3.0,843.57,2025,2025Q4,2025-10-01
ORD0192,2025-10-19,R04,West,Maharashtra,Mumbai,P001,Technology,Laptop,2.0,146425.23,2025,2025Q4,2025-10-01
ORD0744,2025-10-21,R01,North,Haryana,Gurugram,P012,Office Supplies,File Folder,4.0,912.37,2025,2025Q4,2025-10-01
ORD0650,2025-10-23,R01,North,Haryana,Gurugram,P005,Technology,Keyboard,7.0,22768.0,2025,2025Q4,2025-10-01
ORD0953,2025-10-23,R04,West,Gujarat,Ahmedabad,P010,Office Supplies,Notebook,4.0,1617.54,2025,2025Q4,2025-10-01
ORD0023,2025-10-25,R01,North,Uttar Pradesh,Lucknow,P007,Furniture,Office Chair,2.0,22237.06,2025,2025Q4,2025-10-01
ORD0560,2025-10-25,R01,North,Uttar Pradesh,Lucknow,P004,Technology,Monitor,3.0,57327.49,2025,2025Q4,2025-10-01
ORD0818,2025-10-25,R04,West,Gujarat,Ahmedabad,P002,Technology,Smartphone,7.0,196786.1675,2025,2025Q4,2025-10-01
ORD0797,2025-10-26,R01,North,Uttar Pradesh,Lucknow,P001,Technology,Laptop,6.0,196786.1675,2025,2025Q4,2025-10-01
ORD0548,2025-10-27,R02,South,Tamil Nadu,Chennai,P012,Office Supplies,File Folder,1.0,233.18,2025,2025Q4,2025-10-01
ORD0139,2025-10-28,R01,North,Delhi,New Delhi,P011,Office Supplies,Pen Set,1.0,278.95,2025,2025Q4,2025-10-01
ORD0230,2025-10-28,R01,North,Haryana,Gurugram,P002,Technology,Smartphone,3.0,100664.0,2025,2025Q4,2025-10-01
ORD0675,2025-10-31,R04,West,Rajasthan,Jaipur,P001,Technology,Laptop,3.0,196786.1675,2025,2025Q4,2025-10-01
ORD0791,2025-10-31,R04,West,Maharashtra,Mumbai,P012,Office Supplies,File Folder,1.0,236.37,2025,2025Q4,2025-10-01
ORD0530,2025-11-01,R02,South,Karnataka,Bengaluru,P001,Technology,Laptop,1.0,78348.48,2025,2025Q4,2025-10-01
ORD0621,2025-11-01,R02,South,Telangana,Hyderabad,P003,Technology,Tablet,1.0,27118.31,2025,2025Q4,2025-10-01
ORD0278,2025-11-02,R04,West,Gujarat,Ahmedabad,P003,Technology,Tablet,2.0,54266.34,2025,2025Q4,2025-10-01
ORD0688,2025-11-02,R02,South,Telangana,Hyderabad,P001,Technology,Laptop,2.0,174199.04,2025,2025Q4,2025-10-01
ORD0300,2025-11-03,R01,North,Haryana,Gurugram,P008,Furniture,Office Desk,3.0,54170.69,2025,2025Q4,2025-10-01
ORD0119,2025-11-04,R01,North,Uttar Pradesh,Lucknow,P002,Technology,Smartphone,2.0,63522.6,2025,2025Q4,2025-10-01
ORD0121,2025-11-06,R02,South,Telangana,Hyderabad,P003,Technology,Tablet,5.0,134940.57,2025,2025Q4,2025-10-01
ORD0178,2025-11-07,R02,South,Telangana,Hyderabad,P006,Technology,Printer,7.0,116046.04,2025,2025Q4,2025-10-01
ORD0159,2025-11-10,R01,North,Delhi,New Delhi,P005,Technology,Keyboard,1.0,2709.75,2025,2025Q4,2025-10-01
ORD0037,2025-11-11,R02,South,Telangana,Hyderabad,P004,Technology,Monitor,3.0,61603.35,2025,2025Q4,2025-10-01
ORD0271,2025-11-12,R02,South,Karnataka,Bengaluru,P011,Office Supplies,Pen Set,7.0,2403.09,2025,2025Q4,2025-10-01
ORD0299,2025-11-13,R04,West,Goa,Panaji,P012,Office Supplies,File Folder,7.0,1474.63,2025,2025Q4,2025-10-01
ORD0456,2025-11-17,R04,West,Goa,Panaji,P006,Technology,Printer,4.0,64114.48,2025,2025Q4,2025-10-01
ORD0935,2025-11-17,R02,South,Karnataka,Bengaluru,P009,Furniture,Bookshelf,6.0,52974.19,2025,2025Q4,2025-10-01
ORD0265,2025-11-18,R04,West,Rajasthan,Jaipur,P003,Technology,Tablet,4.0,115231.43,2025,2025Q4,2025-10-01
ORD0335,2025-11-20,R01,North,Uttar Pradesh,Lucknow,P008,Furniture,Office Desk,7.0,116961.92,2025,2025Q4,2025-10-01
ORD0107,2025-11-21,R03,East,Jharkhand,Ranchi,P010,Office Supplies,Notebook,2.0,787.44,2025,2025Q4,2025-10-01
ORD0632,2025-11-21,R04,West,Gujarat,Ahmedabad,P002,Technology,Smartphone,7.0,196786.1675,2025,2025Q4,2025-10-01
ORD0545,2025-11-23,R02,South,Karnataka,Bengaluru,P010,Office Supplies,Notebook,2.0,985.87,2025,2025Q4,2025-10-01
ORD0355,2025-11-24,R03,East,Odisha,Bhubaneswar,P007,Furniture,Office Chair,7.0,72625.12,2025,2025Q4,2025-10-01
ORD0847,2025-11-24,R01,North,Punjab,Ludhiana,P009,Furniture,Bookshelf,4.0,36384.47,2025,2025Q4,2025-10-01
ORD0100,2025-11-27,R04,West,Gujarat,Ahmedabad,P004,Technology,Monitor,4.0,79274.11,2025,2025Q4,2025-10-01
ORD0108,2025-11-27,R01,North,Punjab,Ludhiana,P010,Office Supplies,Notebook,7.0,3074.63,2025,2025Q4,2025-10-01
ORD0324,2025-11-29,R03,East,Odisha,Bhubaneswar,P004,Technology,Monitor,3.0,48849.87,2025,2025Q4,2025-10-01
ORD0494,2025-11-29,R03,East,West Bengal,Kolkata,P005,Technology,Keyboard,2.0,4907.49,2025,2025Q4,2025-10-01
ORD0541,2025-11-30,R02,South,Karnataka,Bengaluru,P004,Technology,Monitor,3.0,60326.69,2025,2025Q4,2025-10-01
ORD0041,2025-12-04,R01,North,Punjab,Ludhiana,P011,Office Supplies,Pen Set,2.0,532.68,2025,2025Q4,2025-10-01
ORD0225,2025-12-05,R02,South,Karnataka,Bengaluru,P003,Technology,Tablet,2.0,56486.15,2025,2025Q4,2025-10-01
ORD0461,2025-12-05,R01,North,Delhi,New Delhi,P007,Furniture,Office Chair,2.0,23373.97,2025,2025Q4,2025-10-01
ORD0474,2025-12-05,R03,East,West Bengal,Kolkata,P001,Technology,Laptop,3.0,189501.63,2025,2025Q4,2025-10-01
ORD0540,2025-12-08,R01,North,Uttar Pradesh,Lucknow,P004,Technology,Monitor,3.0,51199.52,2025,2025Q4,2025-10-01
ORD0510,2025-12-09,R04,West,Gujarat,Ahmedabad,P001,Technology,Laptop,5.0,196786.1675,2025,2025Q4,2025-10-01
ORD0173,2025-12-10,R04,West,Rajasthan,Jaipur,P007,Furniture,Office Chair,2.0,24532.12,2025,2025Q4,2025-10-01
ORD0532,2025-12-10,R02,South,Karnataka,Bengaluru,P005,Technology,Keyboard,3.0,9223.21,2025,2025Q4,2025-10-01
ORD0807,2025-12-11,R01,North,Uttar Pradesh,Lucknow,P010,Office Supplies,Notebook,5.0,1935.46,2025,2025Q4,2025-10-01
ORD0018,2025-12-13,R01,North,Haryana,Gurugram,P006,Technology,Printer,2.0,29028.12,2025,2025Q4,2025-10-01
ORD0332,2025-12-19,R02,South,Telangana,Hyderabad,P011,Office Supplies,Pen Set,3.0,971.82,2025,2025Q4,2025-10-01
ORD0394,2025-12-20,R03,East,Bihar,Patna,P011,Office Supplies,Pen Set,1.0,245.69,2025,2025Q4,2025-10-01
ORD0587,2025-12-21,R03,East,West Bengal,Kolkata,P001,Technology,Laptop,7.0,196786.1675,2025,2025Q4,2025-10-01
ORD0921,2025-12-21,R03,East,West Bengal,Kolkata,P003,Technology,Tablet,3.0,68798.42,2025,2025Q4,2025-10-01
ORD0661,2025-12-23,R03,East,Jharkhand,Ranchi,P010,Office Supplies,Notebook,5.0,1973.98,2025,2025Q4,2025-10-01
ORD0897,2025-12-23,R04,West,Goa,Panaji,P010,Office Supplies,Notebook,3.0,1312.61,2025,2025Q4,2025-10-01
ORD0658,2025-12-24,R02,South,Kerala,Kochi,P003,Technology,Tablet,1.0,28087.27,2025,2025Q4,2025-10-01
ORD0140,2025-12-27,R02,South,Tamil Nadu,Chennai,P006,Technology,Printer,5.0,79736.41,2025,2025Q4,2025-10-01
ORD0453,2025-12-27,R02,South,Karnataka,Bengaluru,P002,Technology,Smartphone,2.0,70628.31,2025,2025Q4,2025-10-01
ORD0272,2025-12-28,R04,West,Maharashtra,Mumbai,P009,Furniture,Bookshelf,6.0,55699.14,2025,2025Q4,2025-10-01
